identity,chain_id,token,tx_hash,log_index,block_number,transaction_index,block_timestamp_utc,block_timestamp_beijing,block_timestamp_source,from,to,amount_raw,amount_ake,removed,receipt_status,receipt_success,receipt_log_verified,transaction_from,transaction_to,tx_nonce,tx_value_wei,gas_used,effective_gas_price,from_role_name,from_role_class,from_role_source,to_role_name,to_role_class,to_role_source,from_role_bucket,to_role_bucket,sender_projections,window_memberships,public_index_query_address,public_index_page,public_index_url,runtime_effect,alert_policy,economic_sale_inference
56:0x2c3a8ee94ddd97244a93bc48298f97d2c412f7db:0x75c02f5a41cbf1ad9332fd18c49cc86569b1191d3de9f343c2439bd43108e81d:139,56,0x2c3a8ee94ddd97244a93bc48298f97d2c412f7db,0x75c02f5a41cbf1ad9332fd18c49cc86569b1191d3de9f343c2439bd43108e81d,139,91916421,20,2026-04-11T13:06:11.750Z,2026-04-11T21:06:11.750+08:00,milliTimestamp,0x0d0707963952f2fba59dd06f2b425ace40b492fe,0xd49ef7def42f4633cd55cb874e016a570ea99f04,99151820000000000000000,99151.82,False,1,True,True,0x0d0707963952f2fba59dd06f2b425ace40b492fe,0x2c3a8ee94ddd97244a93bc48298f97d2c412f7db,14410639,0,54542,1200000000,Gate 1 Hot Wallet,cex_hot_wallet,config/global_address_labels.json,,reviewed_sender_unlabeled,tracked_global_labels_no_match,cex,unlabeled,ake_2026_07_05_822_99m:inbound,ake_2026_07_05_822_99m:pre90,0xd49ef7def42f4633cd55cb874e016a570ea99f04,1,https://bscscan.com/tokentxns?a=0xd49ef7def42f4633cd55cb874e016a570ea99f04&p=1&ps=100,none,report_only,False
56:0x2c3a8ee94ddd97244a93bc48298f97d2c412f7db:0x1b2675b25ef96fdcb0a0617a30854d4ab221c845a40434130a18a642f48a6362:252,56,0x2c3a8ee94ddd97244a93bc48298f97d2c412f7db,0x1b2675b25ef96fdcb0a0617a30854d4ab221c845a40434130a18a642f48a6362,252,91916602,56,2026-04-11T13:07:33.200Z,2026-04-11T21:07:33.200+08:00,milliTimestamp,0xd49ef7def42f4633cd55cb874e016a570ea99f04,0x73d8bd54f7cf5fab43fe4ef40a62d390644946db,99151820000000000000000,99151.82,False,1,True,True,0xd49ef7def42f4633cd55cb874e016a570ea99f04,0x73d8bd54f7cf5fab43fe4ef40a62d390644946db,243,0,74168,53771960,,reviewed_sender_unlabeled,tracked_global_labels_no_match,Binance Alpha 2.0 Proxy/Custody,exchange_aggregator,config/global_address_labels.json,unlabeled,alpha_custody_or_router,ake_2026_07_05_822_99m:outbound,ake_2026_07_05_822_99m:pre90,0xd49ef7def42f4633cd55cb874e016a570ea99f04,1,https://bscscan.com/tokentxns?a=0xd49ef7def42f4633cd55cb874e016a570ea99f04&p=1&ps=100,none,report_only,False
56:0x2c3a8ee94ddd97244a93bc48298f97d2c412f7db:0x8da4adead2579ab1bcda937d42be01b8f299472c615d569b34ac9e61119747c1:67,56,0x2c3a8ee94ddd97244a93bc48298f97d2c412f7db,0x8da4adead2579ab1bcda937d42be01b8f299472c615d569b34ac9e61119747c1,67,91916961,22,2026-04-11T13:10:14.800Z,2026-04-11T21:10:14.800+08:00,milliTimestamp,0x0d0707963952f2fba59dd06f2b425ace40b492fe,0xd49ef7def42f4633cd55cb874e016a570ea99f04,9899151820000000000000000,9899151.82,False,1,True,True,0x0d0707963952f2fba59dd06f2b425ace40b492fe,0x2c3a8ee94ddd97244a93bc48298f97d2c412f7db,14410671,0,54554,1200000000,Gate 1 Hot Wallet,cex_hot_wallet,config/global_address_labels.json,,reviewed_sender_unlabeled,tracked_global_labels_no_match,cex,unlabeled,ake_2026_07_05_822_99m:inbound,ake_2026_07_05_822_99m:pre90,0xd49ef7def42f4633cd55cb874e016a570ea99f04,1,https://bscscan.com/tokentxns?a=0xd49ef7def42f4633cd55cb874e016a570ea99f04&p=1&ps=100,none,report_only,False
56:0x2c3a8ee94ddd97244a93bc48298f97d2c412f7db:0xaaeac9c19ecb1ef13acfd8829257e5b1022b91b5ac8969967f70263a7734ef83:222,56,0x2c3a8ee94ddd97244a93bc48298f97d2c412f7db,0xaaeac9c19ecb1ef13acfd8829257e5b1022b91b5ac8969967f70263a7734ef83,222,91917071,59,2026-04-11T13:11:04.300Z,2026-04-11T21:11:04.300+08:00,milliTimestamp,0xd49ef7def42f4633cd55cb874e016a570ea99f04,0x73d8bd54f7cf5fab43fe4ef40a62d390644946db,9899151820000000000000000,9899151.82,False,1,True,True,0xd49ef7def42f4633cd55cb874e016a570ea99f04,0x73d8bd54f7cf5fab43fe4ef40a62d390644946db,244,0,74192,56472987,,reviewed_sender_unlabeled,tracked_global_labels_no_match,Binance Alpha 2.0 Proxy/Custody,exchange_aggregator,config/global_address_labels.json,unlabeled,alpha_custody_or_router,ake_2026_07_05_822_99m:outbound,ake_2026_07_05_822_99m:pre90,0xd49ef7def42f4633cd55cb874e016a570ea99f04,1,https://bscscan.com/tokentxns?a=0xd49ef7def42f4633cd55cb874e016a570ea99f04&p=1&ps=100,none,report_only,False
56:0x2c3a8ee94ddd97244a93bc48298f97d2c412f7db:0xde7af80486471f727cc554b396981bbbe64c7be55579bad973135d54608d3510:30,56,0x2c3a8ee94ddd97244a93bc48298f97d2c412f7db,0xde7af80486471f727cc554b396981bbbe64c7be55579bad973135d54608d3510,30,91917586,11,2026-04-11T13:14:56.200Z,2026-04-11T21:14:56.200+08:00,milliTimestamp,0x42152339e5151dd5dd1b653c838563d188f67c2b,0xd49ef7def42f4633cd55cb874e016a570ea99f04,10000000000000000000000000,10000000,False,1,True,True,0x42152339e5151dd5dd1b653c838563d188f67c2b,0x2c3a8ee94ddd97244a93bc48298f97d2c412f7db,4,0,54542,50000000,,unlabeled_address,tracked_global_labels_no_match,,reviewed_sender_unlabeled,tracked_global_labels_no_match,unlabeled,unlabeled,ake_2026_07_05_822_99m:inbound,ake_2026_07_05_822_99m:pre90,0xd49ef7def42f4633cd55cb874e016a570ea99f04,1,https://bscscan.com/tokentxns?a=0xd49ef7def42f4633cd55cb874e016a570ea99f04&p=1&ps=100,none,report_only,False
56:0x2c3a8ee94ddd97244a93bc48298f97d2c412f7db:0x7578a4899fdad83716febb281e0860286fd14f720e15044fa455be4cdcaa47ef:262,56,0x2c3a8ee94ddd97244a93bc48298f97d2c412f7db,0x7578a4899fdad83716febb281e0860286fd14f720e15044fa455be4cdcaa47ef,262,91917905,68,2026-04-11T13:17:19.750Z,2026-04-11T21:17:19.750+08:00,milliTimestamp,0xd49ef7def42f4633cd55cb874e016a570ea99f04,0x73d8bd54f7cf5fab43fe4ef40a62d390644946db,10000000000000000000000000,10000000,False,1,True,True,0xd49ef7def42f4633cd55cb874e016a570ea99f04,0x73d8bd54f7cf5fab43fe4ef40a62d390644946db,245,0,91280,54113160,,reviewed_sender_unlabeled,tracked_global_labels_no_match,Binance Alpha 2.0 Proxy/Custody,exchange_aggregator,config/global_address_labels.json,unlabeled,alpha_custody_or_router,ake_2026_07_05_822_99m:outbound,ake_2026_07_05_822_99m:pre90,0xd49ef7def42f4633cd55cb874e016a570ea99f04,1,https://bscscan.com/tokentxns?a=0xd49ef7def42f4633cd55cb874e016a570ea99f04&p=1&ps=100,none,report_only,False
56:0x2c3a8ee94ddd97244a93bc48298f97d2c412f7db:0xf0398d5c754ed2223aa50b4e0eaf7cd8d8634a242ad9786ebeb89058329ddd9e:72,56,0x2c3a8ee94ddd97244a93bc48298f97d2c412f7db,0xf0398d5c754ed2223aa50b4e0eaf7cd8d8634a242ad9786ebeb89058329ddd9e,72,91918289,25,2026-04-11T13:20:12.650Z,2026-04-11T21:20:12.650+08:00,milliTimestamp,0x42152339e5151dd5dd1b653c838563d188f67c2b,0xd49ef7def42f4633cd55cb874e016a570ea99f04,100000000000000000000000000,100000000,False,1,True,True,0x42152339e5151dd5dd1b653c838563d188f67c2b,0x2c3a8ee94ddd97244a93bc48298f97d2c412f7db,5,0,54542,50000000,,unlabeled_address,tracked_global_labels_no_match,,reviewed_sender_unlabeled,tracked_global_labels_no_match,unlabeled,unlabeled,ake_2026_07_05_822_99m:inbound,ake_2026_07_05_822_99m:pre90,0xd49ef7def42f4633cd55cb874e016a570ea99f04,1,https://bscscan.com/tokentxns?a=0xd49ef7def42f4633cd55cb874e016a570ea99f04&p=1&ps=100,none,report_only,False
56:0x2c3a8ee94ddd97244a93bc48298f97d2c412f7db:0xf47a7dbc9835bb6077fd08cc3388fc661613f2b0ee95e9361e90044d09daa89e:364,56,0x2c3a8ee94ddd97244a93bc48298f97d2c412f7db,0xf47a7dbc9835bb6077fd08cc3388fc661613f2b0ee95e9361e90044d09daa89e,364,91918476,56,2026-04-11T13:21:36.800Z,2026-04-11T21:21:36.800+08:00,milliTimestamp,0xd49ef7def42f4633cd55cb874e016a570ea99f04,0x73d8bd54f7cf5fab43fe4ef40a62d390644946db,100000000000000000000000000,100000000,False,1,True,True,0xd49ef7def42f4633cd55cb874e016a570ea99f04,0x73d8bd54f7cf5fab43fe4ef40a62d390644946db,246,0,74180,54992812,,reviewed_sender_unlabeled,tracked_global_labels_no_match,Binance Alpha 2.0 Proxy/Custody,exchange_aggregator,config/global_address_labels.json,unlabeled,alpha_custody_or_router,ake_2026_07_05_822_99m:outbound,ake_2026_07_05_822_99m:pre90,0xd49ef7def42f4633cd55cb874e016a570ea99f04,1,https://bscscan.com/tokentxns?a=0xd49ef7def42f4633cd55cb874e016a570ea99f04&p=1&ps=100,none,report_only,False
56:0x2c3a8ee94ddd97244a93bc48298f97d2c412f7db:0xd66e2014dc1ca3befb2124a55f42ab1ab2508e8be0afba3cef981b00e5ef85fc:91,56,0x2c3a8ee94ddd97244a93bc48298f97d2c412f7db,0xd66e2014dc1ca3befb2124a55f42ab1ab2508e8be0afba3cef981b00e5ef85fc,91,91937497,16,2026-04-11T15:44:39.850Z,2026-04-11T23:44:39.850+08:00,milliTimestamp,0x42152339e5151dd5dd1b653c838563d188f67c2b,0xd49ef7def42f4633cd55cb874e016a570ea99f04,100000000000000000000000000,100000000,False,1,True,True,0x42152339e5151dd5dd1b653c838563d188f67c2b,0x2c3a8ee94ddd97244a93bc48298f97d2c412f7db,6,0,54542,50000000,,unlabeled_address,tracked_global_labels_no_match,,reviewed_sender_unlabeled,tracked_global_labels_no_match,unlabeled,unlabeled,ake_2026_07_05_822_99m:inbound,ake_2026_07_05_822_99m:pre90,0xd49ef7def42f4633cd55cb874e016a570ea99f04,1,https://bscscan.com/tokentxns?a=0xd49ef7def42f4633cd55cb874e016a570ea99f04&p=1&ps=100,none,report_only,False
56:0x2c3a8ee94ddd97244a93bc48298f97d2c412f7db:0x919d75ef735f60703a0ae4bfc07ddd2e4cb0fc584d9294e405fc232e11c43317:194,56,0x2c3a8ee94ddd97244a93bc48298f97d2c412f7db,0x919d75ef735f60703a0ae4bfc07ddd2e4cb0fc584d9294e405fc232e11c43317,194,91937707,49,2026-04-11T15:46:14.550Z,2026-04-11T23:46:14.550+08:00,milliTimestamp,0xd49ef7def42f4633cd55cb874e016a570ea99f04,0x73d8bd54f7cf5fab43fe4ef40a62d390644946db,100000000000000000000000000,100000000,False,1,True,True,0xd49ef7def42f4633cd55cb874e016a570ea99f04,0x73d8bd54f7cf5fab43fe4ef40a62d390644946db,247,0,91280,54623809,,reviewed_sender_unlabeled,tracked_global_labels_no_match,Binance Alpha 2.0 Proxy/Custody,exchange_aggregator,config/global_address_labels.json,unlabeled,alpha_custody_or_router,ake_2026_07_05_822_99m:outbound,ake_2026_07_05_822_99m:pre90,0xd49ef7def42f4633cd55cb874e016a570ea99f04,1,https://bscscan.com/tokentxns?a=0xd49ef7def42f4633cd55cb874e016a570ea99f04&p=1&ps=100,none,report_only,False
56:0x2c3a8ee94ddd97244a93bc48298f97d2c412f7db:0x29ff993baa0c59b6c06a7eeefd80162859fae1139d9ca2d65eef06df806b2c48:6,56,0x2c3a8ee94ddd97244a93bc48298f97d2c412f7db,0x29ff993baa0c59b6c06a7eeefd80162859fae1139d9ca2d65eef06df806b2c48,6,92029099,5,2026-04-12T03:12:15.500Z,2026-04-12T11:12:15.500+08:00,milliTimestamp,0x42152339e5151dd5dd1b653c838563d188f67c2b,0xd49ef7def42f4633cd55cb874e016a570ea99f04,100000000000000000000000000,100000000,False,1,True,True,0x42152339e5151dd5dd1b653c838563d188f67c2b,0x2c3a8ee94ddd97244a93bc48298f97d2c412f7db,7,0,54542,50000000,,unlabeled_address,tracked_global_labels_no_match,,reviewed_sender_unlabeled,tracked_global_labels_no_match,unlabeled,unlabeled,ake_2026_07_05_822_99m:inbound,ake_2026_07_05_822_99m:pre90,0xd49ef7def42f4633cd55cb874e016a570ea99f04,1,https://bscscan.com/tokentxns?a=0xd49ef7def42f4633cd55cb874e016a570ea99f04&p=1&ps=100,none,report_only,False
56:0x2c3a8ee94ddd97244a93bc48298f97d2c412f7db:0xb2847b5ef7d368a6bd45c4310a9f4a5c7694df48f92fa03e494c0e137c9cf429:251,56,0x2c3a8ee94ddd97244a93bc48298f97d2c412f7db,0xb2847b5ef7d368a6bd45c4310a9f4a5c7694df48f92fa03e494c0e137c9cf429,251,92029897,47,2026-04-12T03:18:14.600Z,2026-04-12T11:18:14.600+08:00,milliTimestamp,0xd49ef7def42f4633cd55cb874e016a570ea99f04,0x73d8bd54f7cf5fab43fe4ef40a62d390644946db,100000000000000000000000000,100000000,False,1,True,True,0xd49ef7def42f4633cd55cb874e016a570ea99f04,0x73d8bd54f7cf5fab43fe4ef40a62d390644946db,248,0,74156,53485953,,reviewed_sender_unlabeled,tracked_global_labels_no_match,Binance Alpha 2.0 Proxy/Custody,exchange_aggregator,config/global_address_labels.json,unlabeled,alpha_custody_or_router,ake_2026_07_05_822_99m:outbound,ake_2026_07_05_822_99m:pre90,0xd49ef7def42f4633cd55cb874e016a570ea99f04,1,https://bscscan.com/tokentxns?a=0xd49ef7def42f4633cd55cb874e016a570ea99f04&p=1&ps=100,none,report_only,False
56:0x2c3a8ee94ddd97244a93bc48298f97d2c412f7db:0x34afdd79005a109910351b98bd0417e7eac68dcfd2dfb334c1cdfa89088c7f7b:58,56,0x2c3a8ee94ddd97244a93bc48298f97d2c412f7db,0x34afdd79005a109910351b98bd0417e7eac68dcfd2dfb334c1cdfa89088c7f7b,58,92089223,14,2026-04-12T10:43:50.450Z,2026-04-12T18:43:50.450+08:00,milliTimestamp,0x42152339e5151dd5dd1b653c838563d188f67c2b,0xd49ef7def42f4633cd55cb874e016a570ea99f04,300000000000000000000000000,300000000,False,1,True,True,0x42152339e5151dd5dd1b653c838563d188f67c2b,0x2c3a8ee94ddd97244a93bc48298f97d2c412f7db,9,0,54542,50000000,,unlabeled_address,tracked_global_labels_no_match,,reviewed_sender_unlabeled,tracked_global_labels_no_match,unlabeled,unlabeled,ake_2026_07_05_822_99m:inbound,ake_2026_07_05_822_99m:pre90,0xd49ef7def42f4633cd55cb874e016a570ea99f04,1,https://bscscan.com/tokentxns?a=0xd49ef7def42f4633cd55cb874e016a570ea99f04&p=1&ps=100,none,report_only,False
56:0x2c3a8ee94ddd97244a93bc48298f97d2c412f7db:0x09453d3c45a77923d63209d5b75ed85065b7110094a8945c48d26f7d1dc53411:160,56,0x2c3a8ee94ddd97244a93bc48298f97d2c412f7db,0x09453d3c45a77923d63209d5b75ed85065b7110094a8945c48d26f7d1dc53411,160,92090018,39,2026-04-12T10:49:48.450Z,2026-04-12T18:49:48.450+08:00,milliTimestamp,0xd49ef7def42f4633cd55cb874e016a570ea99f04,0x73d8bd54f7cf5fab43fe4ef40a62d390644946db,300000000000000000000000000,300000000,False,1,True,True,0xd49ef7def42f4633cd55cb874e016a570ea99f04,0x73d8bd54f7cf5fab43fe4ef40a62d390644946db,249,0,74168,54951057,,reviewed_sender_unlabeled,tracked_global_labels_no_match,Binance Alpha 2.0 Proxy/Custody,exchange_aggregator,config/global_address_labels.json,unlabeled,alpha_custody_or_router,ake_2026_07_05_822_99m:outbound,ake_2026_07_05_822_99m:pre90,0xd49ef7def42f4633cd55cb874e016a570ea99f04,1,https://bscscan.com/tokentxns?a=0xd49ef7def42f4633cd55cb874e016a570ea99f04&p=1&ps=100,none,report_only,False
56:0x2c3a8ee94ddd97244a93bc48298f97d2c412f7db:0xf7ceb24be5bd36d4cff6e4dac5fa356c73690a83c3b05381ed554ba666114c42:155,56,0x2c3a8ee94ddd97244a93bc48298f97d2c412f7db,0xf7ceb24be5bd36d4cff6e4dac5fa356c73690a83c3b05381ed554ba666114c42,155,92253184,24,2026-04-13T07:15:21.400Z,2026-04-13T15:15:21.400+08:00,milliTimestamp,0x68f2f7d2035b44094aad37140f6640c9bca5b6d6,0xd49ef7def42f4633cd55cb874e016a570ea99f04,500000000000000000000000000,500000000,False,1,True,True,0x68f2f7d2035b44094aad37140f6640c9bca5b6d6,0x2c3a8ee94ddd97244a93bc48298f97d2c412f7db,2,0,54554,50000000,,unlabeled_address,tracked_global_labels_no_match,,reviewed_sender_unlabeled,tracked_global_labels_no_match,unlabeled,unlabeled,ake_2026_07_05_822_99m:inbound,ake_2026_07_05_822_99m:pre90,0xd49ef7def42f4633cd55cb874e016a570ea99f04,1,https://bscscan.com/tokentxns?a=0xd49ef7def42f4633cd55cb874e016a570ea99f04&p=1&ps=100,none,report_only,False
56:0x2c3a8ee94ddd97244a93bc48298f97d2c412f7db:0x049d1719083cdadf25d7baa0c566d200c189ca61514552471b89dc433c826527:484,56,0x2c3a8ee94ddd97244a93bc48298f97d2c412f7db,0x049d1719083cdadf25d7baa0c566d200c189ca61514552471b89dc433c826527,484,92253691,69,2026-04-13T07:19:11.150Z,2026-04-13T15:19:11.150+08:00,milliTimestamp,0xd49ef7def42f4633cd55cb874e016a570ea99f04,0x73d8bd54f7cf5fab43fe4ef40a62d390644946db,500000000000000000000000000,500000000,False,1,True,True,0xd49ef7def42f4633cd55cb874e016a570ea99f04,0x73d8bd54f7cf5fab43fe4ef40a62d390644946db,250,0,74180,52426133,,reviewed_sender_unlabeled,tracked_global_labels_no_match,Binance Alpha 2.0 Proxy/Custody,exchange_aggregator,config/global_address_labels.json,unlabeled,alpha_custody_or_router,ake_2026_07_05_822_99m:outbound,ake_2026_07_05_822_99m:pre90,0xd49ef7def42f4633cd55cb874e016a570ea99f04,1,https://bscscan.com/tokentxns?a=0xd49ef7def42f4633cd55cb874e016a570ea99f04&p=1&ps=100,none,report_only,False
56:0x2c3a8ee94ddd97244a93bc48298f97d2c412f7db:0xf59ebb0cdb594becf28407a046a8322ef788080841671e52d52362d680cc2833:107,56,0x2c3a8ee94ddd97244a93bc48298f97d2c412f7db,0xf59ebb0cdb594becf28407a046a8322ef788080841671e52d52362d680cc2833,107,92262316,18,2026-04-13T08:24:03.800Z,2026-04-13T16:24:03.800+08:00,milliTimestamp,0xa9a528c9de6c0b7da39d7ea37d222beb2d013c49,0xd49ef7def42f4633cd55cb874e016a570ea99f04,500000000000000000000000000,500000000,False,1,True,True,0xa9a528c9de6c0b7da39d7ea37d222beb2d013c49,0x2c3a8ee94ddd97244a93bc48298f97d2c412f7db,1,0,54554,50000000,,unlabeled_address,tracked_global_labels_no_match,,reviewed_sender_unlabeled,tracked_global_labels_no_match,unlabeled,unlabeled,ake_2026_07_05_822_99m:inbound,ake_2026_07_05_822_99m:pre90,0xd49ef7def42f4633cd55cb874e016a570ea99f04,1,https://bscscan.com/tokentxns?a=0xd49ef7def42f4633cd55cb874e016a570ea99f04&p=1&ps=100,none,report_only,False
56:0x2c3a8ee94ddd97244a93bc48298f97d2c412f7db:0xce84315940bc64e43450adfe30242e8a1bc807984af77bc0118103a49f131c37:280,56,0x2c3a8ee94ddd97244a93bc48298f97d2c412f7db,0xce84315940bc64e43450adfe30242e8a1bc807984af77bc0118103a49f131c37,280,92262407,61,2026-04-13T08:24:44.800Z,2026-04-13T16:24:44.800+08:00,milliTimestamp,0xd49ef7def42f4633cd55cb874e016a570ea99f04,0x73d8bd54f7cf5fab43fe4ef40a62d390644946db,500000000000000000000000000,500000000,False,1,True,True,0xd49ef7def42f4633cd55cb874e016a570ea99f04,0x73d8bd54f7cf5fab43fe4ef40a62d390644946db,251,0,74192,84462154,,reviewed_sender_unlabeled,tracked_global_labels_no_match,Binance Alpha 2.0 Proxy/Custody,exchange_aggregator,config/global_address_labels.json,unlabeled,alpha_custody_or_router,ake_2026_07_05_822_99m:outbound,ake_2026_07_05_822_99m:pre90,0xd49ef7def42f4633cd55cb874e016a570ea99f04,1,https://bscscan.com/tokentxns?a=0xd49ef7def42f4633cd55cb874e016a570ea99f04&p=1&ps=100,none,report_only,False
56:0x2c3a8ee94ddd97244a93bc48298f97d2c412f7db:0xc9ff3d5273fa201e26aec971a7c80feaab009715ad3b398067446fd4318649d7:106,56,0x2c3a8ee94ddd97244a93bc48298f97d2c412f7db,0xc9ff3d5273fa201e26aec971a7c80feaab009715ad3b398067446fd4318649d7,106,92494216,18,2026-04-14T13:26:14.900Z,2026-04-14T21:26:14.900+08:00,milliTimestamp,0xa663504b771ea312afea7e91cfcf29998bf60321,0xb40b35fe21be75f6e5c0b7dabab1ec87d87a1395,100000000000000000000000,100000,False,1,True,True,0xa663504b771ea312afea7e91cfcf29998bf60321,0x2c3a8ee94ddd97244a93bc48298f97d2c412f7db,0,0,54542,50000000,,unlabeled_address,tracked_global_labels_no_match,,reviewed_sender_unlabeled,tracked_global_labels_no_match,unlabeled,unlabeled,ake_2026_07_04_670m:inbound,ake_2026_07_04_670m:pre90,0xb40b35fe21be75f6e5c0b7dabab1ec87d87a1395,1,https://bscscan.com/tokentxns?a=0xb40b35fe21be75f6e5c0b7dabab1ec87d87a1395&p=1&ps=100,none,report_only,False
56:0x2c3a8ee94ddd97244a93bc48298f97d2c412f7db:0x4bb9e7e0c8d87e1d526791b6db5f57b22f52058680b07ce3cad1e1541643d6b7:349,56,0x2c3a8ee94ddd97244a93bc48298f97d2c412f7db,0x4bb9e7e0c8d87e1d526791b6db5f57b22f52058680b07ce3cad1e1541643d6b7,349,92494573,62,2026-04-14T13:28:55.650Z,2026-04-14T21:28:55.650+08:00,milliTimestamp,0xb40b35fe21be75f6e5c0b7dabab1ec87d87a1395,0x73d8bd54f7cf5fab43fe4ef40a62d390644946db,100000000000000000000000,100000,False,1,True,True,0xb40b35fe21be75f6e5c0b7dabab1ec87d87a1395,0x73d8bd54f7cf5fab43fe4ef40a62d390644946db,1,0,74180,55661099,,reviewed_sender_unlabeled,tracked_global_labels_no_match,Binance Alpha 2.0 Proxy/Custody,exchange_aggregator,config/global_address_labels.json,unlabeled,alpha_custody_or_router,ake_2026_07_04_670m:outbound,ake_2026_07_04_670m:pre90,0xb40b35fe21be75f6e5c0b7dabab1ec87d87a1395,1,https://bscscan.com/tokentxns?a=0xb40b35fe21be75f6e5c0b7dabab1ec87d87a1395&p=1&ps=100,none,report_only,False
56:0x2c3a8ee94ddd97244a93bc48298f97d2c412f7db:0xa612efe71ab848d905faf1ff573ef3d86ccc11c3fc73a1ced7f9890571890be1:119,56,0x2c3a8ee94ddd97244a93bc48298f97d2c412f7db,0xa612efe71ab848d905faf1ff573ef3d86ccc11c3fc73a1ced7f9890571890be1,119,92494697,18,2026-04-14T13:29:51.950Z,2026-04-14T21:29:51.950+08:00,milliTimestamp,0xa663504b771ea312afea7e91cfcf29998bf60321,0xb40b35fe21be75f6e5c0b7dabab1ec87d87a1395,999900000000000000000000000,999900000,False,1,True,True,0xa663504b771ea312afea7e91cfcf29998bf60321,0x2c3a8ee94ddd97244a93bc48298f97d2c412f7db,1,0,49766,50000000,,unlabeled_address,tracked_global_labels_no_match,,reviewed_sender_unlabeled,tracked_global_labels_no_match,unlabeled,unlabeled,ake_2026_07_04_670m:inbound,ake_2026_07_04_670m:pre90,0xb40b35fe21be75f6e5c0b7dabab1ec87d87a1395,1,https://bscscan.com/tokentxns?a=0xb40b35fe21be75f6e5c0b7dabab1ec87d87a1395&p=1&ps=100,none,report_only,False
56:0x2c3a8ee94ddd97244a93bc48298f97d2c412f7db:0x7f7b6fc424ae825046771a6b96d891ab1d6b07a3ea75bce391160a3e9337d302:334,56,0x2c3a8ee94ddd97244a93bc48298f97d2c412f7db,0x7f7b6fc424ae825046771a6b96d891ab1d6b07a3ea75bce391160a3e9337d302,334,92494927,72,2026-04-14T13:31:35.450Z,2026-04-14T21:31:35.450+08:00,milliTimestamp,0xb40b35fe21be75f6e5c0b7dabab1ec87d87a1395,0x73d8bd54f7cf5fab43fe4ef40a62d390644946db,999900000000000000000000000,999900000,False,1,True,True,0xb40b35fe21be75f6e5c0b7dabab1ec87d87a1395,0x73d8bd54f7cf5fab43fe4ef40a62d390644946db,2,0,74204,56110407,,reviewed_sender_unlabeled,tracked_global_labels_no_match,Binance Alpha 2.0 Proxy/Custody,exchange_aggregator,config/global_address_labels.json,unlabeled,alpha_custody_or_router,ake_2026_07_04_670m:outbound,ake_2026_07_04_670m:pre90,0xb40b35fe21be75f6e5c0b7dabab1ec87d87a1395,1,https://bscscan.com/tokentxns?a=0xb40b35fe21be75f6e5c0b7dabab1ec87d87a1395&p=1&ps=100,none,report_only,False
56:0x2c3a8ee94ddd97244a93bc48298f97d2c412f7db:0xb1231eb9ddb3445f9f43cf7939a35c164898295544e520d6b75c3d4938906300:80,56,0x2c3a8ee94ddd97244a93bc48298f97d2c412f7db,0xb1231eb9ddb3445f9f43cf7939a35c164898295544e520d6b75c3d4938906300,80,92641894,15,2026-04-15T07:54:54.300Z,2026-04-15T15:54:54.300+08:00,milliTimestamp,0xd9f95c95ad29c4a7a0e895b589b3a1363aee3bea,0xb40b35fe21be75f6e5c0b7dabab1ec87d87a1395,1010998104620000000000000000,1010998104.62,False,1,True,True,0xd9f95c95ad29c4a7a0e895b589b3a1363aee3bea,0x2c3a8ee94ddd97244a93bc48298f97d2c412f7db,0,0,49766,50000000,,unlabeled_address,tracked_global_labels_no_match,,reviewed_sender_unlabeled,tracked_global_labels_no_match,unlabeled,unlabeled,ake_2026_07_04_670m:inbound,ake_2026_07_04_670m:pre90,0xb40b35fe21be75f6e5c0b7dabab1ec87d87a1395,1,https://bscscan.com/tokentxns?a=0xb40b35fe21be75f6e5c0b7dabab1ec87d87a1395&p=1&ps=100,none,report_only,False
56:0x2c3a8ee94ddd97244a93bc48298f97d2c412f7db:0xe4984ad1a3aacb0204fdcb67dc3dbb1f4c0278483673ef1adb1b93f445eee2d2:147,56,0x2c3a8ee94ddd97244a93bc48298f97d2c412f7db,0xe4984ad1a3aacb0204fdcb67dc3dbb1f4c0278483673ef1adb1b93f445eee2d2,147,92642057,48,2026-04-15T07:56:07.650Z,2026-04-15T15:56:07.650+08:00,milliTimestamp,0xb40b35fe21be75f6e5c0b7dabab1ec87d87a1395,0x73d8bd54f7cf5fab43fe4ef40a62d390644946db,1010998104620000000000000000,1010998104.62,False,1,True,True,0xb40b35fe21be75f6e5c0b7dabab1ec87d87a1395,0x73d8bd54f7cf5fab43fe4ef40a62d390644946db,3,0,74204,53360902,,reviewed_sender_unlabeled,tracked_global_labels_no_match,Binance Alpha 2.0 Proxy/Custody,exchange_aggregator,config/global_address_labels.json,unlabeled,alpha_custody_or_router,ake_2026_07_04_670m:outbound,ake_2026_07_04_670m:pre90,0xb40b35fe21be75f6e5c0b7dabab1ec87d87a1395,1,https://bscscan.com/tokentxns?a=0xb40b35fe21be75f6e5c0b7dabab1ec87d87a1395&p=1&ps=100,none,report_only,False
56:0x2c3a8ee94ddd97244a93bc48298f97d2c412f7db:0x6a7f7b011f1a9dbe74edfae9e3590f7d4222224e1cd248f580558f0284bf15e3:59,56,0x2c3a8ee94ddd97244a93bc48298f97d2c412f7db,0x6a7f7b011f1a9dbe74edfae9e3590f7d4222224e1cd248f580558f0284bf15e3,59,92642107,17,2026-04-15T07:56:30.250Z,2026-04-15T15:56:30.250+08:00,milliTimestamp,0xcc323978f399db9ede8be3f7b38fc55956d1737d,0xd49ef7def42f4633cd55cb874e016a570ea99f04,1012367862000000000000000000,1012367862,False,1,True,True,0xcc323978f399db9ede8be3f7b38fc55956d1737d,0x2c3a8ee94ddd97244a93bc48298f97d2c412f7db,0,0,49766,50000000,,unlabeled_address,tracked_global_labels_no_match,,reviewed_sender_unlabeled,tracked_global_labels_no_match,unlabeled,unlabeled,ake_2026_07_05_822_99m:inbound,ake_2026_07_05_822_99m:pre90,0xd49ef7def42f4633cd55cb874e016a570ea99f04,1,https://bscscan.com/tokentxns?a=0xd49ef7def42f4633cd55cb874e016a570ea99f04&p=1&ps=100,none,report_only,False
56:0x2c3a8ee94ddd97244a93bc48298f97d2c412f7db:0x0e8fa3c9a514a880a01be1a00ff8f6968551db4e579ad9142e4d77d435397234:300,56,0x2c3a8ee94ddd97244a93bc48298f97d2c412f7db,0x0e8fa3c9a514a880a01be1a00ff8f6968551db4e579ad9142e4d77d435397234,300,92642242,53,2026-04-15T07:57:31.000Z,2026-04-15T15:57:31.000+08:00,milliTimestamp,0xd49ef7def42f4633cd55cb874e016a570ea99f04,0x73d8bd54f7cf5fab43fe4ef40a62d390644946db,1012367862000000000000000000,1012367862,False,1,True,True,0xd49ef7def42f4633cd55cb874e016a570ea99f04,0x73d8bd54f7cf5fab43fe4ef40a62d390644946db,252,0,91292,51675609,,reviewed_sender_unlabeled,tracked_global_labels_no_match,Binance Alpha 2.0 Proxy/Custody,exchange_aggregator,config/global_address_labels.json,unlabeled,alpha_custody_or_router,ake_2026_07_05_822_99m:outbound,ake_2026_07_05_822_99m:pre90,0xd49ef7def42f4633cd55cb874e016a570ea99f04,1,https://bscscan.com/tokentxns?a=0xd49ef7def42f4633cd55cb874e016a570ea99f04&p=1&ps=100,none,report_only,False
56:0x2c3a8ee94ddd97244a93bc48298f97d2c412f7db:0xee96903ece7beb71984e1471873627946b0d12d0294b9da4137965e02a540a0f:579,56,0x2c3a8ee94ddd97244a93bc48298f97d2c412f7db,0xee96903ece7beb71984e1471873627946b0d12d0294b9da4137965e02a540a0f,579,92890729,122,2026-04-16T15:05:06.500Z,2026-04-16T23:05:06.500+08:00,milliTimestamp,0x23d9a72b74d4428ca4134101392eabb2cf3ed334,0xd49ef7def42f4633cd55cb874e016a570ea99f04,1512380250000000000000000000,1512380250,False,1,True,True,0x23d9a72b74d4428ca4134101392eabb2cf3ed334,0x2c3a8ee94ddd97244a93bc48298f97d2c412f7db,0,0,49766,50000000,,unlabeled_address,tracked_global_labels_no_match,,reviewed_sender_unlabeled,tracked_global_labels_no_match,unlabeled,unlabeled,ake_2026_07_05_822_99m:inbound,ake_2026_07_05_822_99m:pre90,0xd49ef7def42f4633cd55cb874e016a570ea99f04,1,https://bscscan.com/tokentxns?a=0xd49ef7def42f4633cd55cb874e016a570ea99f04&p=1&ps=100,none,report_only,False
56:0x2c3a8ee94ddd97244a93bc48298f97d2c412f7db:0xd347f78bec034978bd1df8e46da998fc0bbf4953ef3d617770a4ccc15f9cf671:303,56,0x2c3a8ee94ddd97244a93bc48298f97d2c412f7db,0xd347f78bec034978bd1df8e46da998fc0bbf4953ef3d617770a4ccc15f9cf671,303,92890873,65,2026-04-16T15:06:11.300Z,2026-04-16T23:06:11.300+08:00,milliTimestamp,0xd49ef7def42f4633cd55cb874e016a570ea99f04,0x73d8bd54f7cf5fab43fe4ef40a62d390644946db,1512380250000000000000000000,1512380250,False,1,True,True,0xd49ef7def42f4633cd55cb874e016a570ea99f04,0x73d8bd54f7cf5fab43fe4ef40a62d390644946db,253,0,74192,50165761,,reviewed_sender_unlabeled,tracked_global_labels_no_match,Binance Alpha 2.0 Proxy/Custody,exchange_aggregator,config/global_address_labels.json,unlabeled,alpha_custody_or_router,ake_2026_07_05_822_99m:outbound,ake_2026_07_05_822_99m:pre90,0xd49ef7def42f4633cd55cb874e016a570ea99f04,1,https://bscscan.com/tokentxns?a=0xd49ef7def42f4633cd55cb874e016a570ea99f04&p=1&ps=100,none,report_only,False
56:0x2c3a8ee94ddd97244a93bc48298f97d2c412f7db:0x40be6bcffc2886d7dfeb3751e3c378a53697a80dc3bc9dd9104e76d5dd7c39fc:311,56,0x2c3a8ee94ddd97244a93bc48298f97d2c412f7db,0x40be6bcffc2886d7dfeb3751e3c378a53697a80dc3bc9dd9104e76d5dd7c39fc,311,92929014,52,2026-04-16T19:52:40.650Z,2026-04-17T03:52:40.650+08:00,milliTimestamp,0xdfb3a4667e938b08128605cfa73c21fde819f005,0xb40b35fe21be75f6e5c0b7dabab1ec87d87a1395,1000000000000000000000000000,1000000000,False,1,True,True,0xdfb3a4667e938b08128605cfa73c21fde819f005,0x2c3a8ee94ddd97244a93bc48298f97d2c412f7db,0,0,49754,50000000,,unlabeled_address,tracked_global_labels_no_match,,reviewed_sender_unlabeled,tracked_global_labels_no_match,unlabeled,unlabeled,ake_2026_07_04_670m:inbound,ake_2026_07_04_670m:pre90,0xb40b35fe21be75f6e5c0b7dabab1ec87d87a1395,1,https://bscscan.com/tokentxns?a=0xb40b35fe21be75f6e5c0b7dabab1ec87d87a1395&p=1&ps=100,none,report_only,False
56:0x2c3a8ee94ddd97244a93bc48298f97d2c412f7db:0x1e51e6a2ab2d32495e95cb6d1d7c2766ae4881163374258892257fa1f4194ed5:113,56,0x2c3a8ee94ddd97244a93bc48298f97d2c412f7db,0x1e51e6a2ab2d32495e95cb6d1d7c2766ae4881163374258892257fa1f4194ed5,113,92929066,27,2026-04-16T19:53:04.050Z,2026-04-17T03:53:04.050+08:00,milliTimestamp,0xb40b35fe21be75f6e5c0b7dabab1ec87d87a1395,0x73d8bd54f7cf5fab43fe4ef40a62d390644946db,1000000000000000000000000000,1000000000,False,1,True,True,0xb40b35fe21be75f6e5c0b7dabab1ec87d87a1395,0x73d8bd54f7cf5fab43fe4ef40a62d390644946db,4,0,91292,50480302,,reviewed_sender_unlabeled,tracked_global_labels_no_match,Binance Alpha 2.0 Proxy/Custody,exchange_aggregator,config/global_address_labels.json,unlabeled,alpha_custody_or_router,ake_2026_07_04_670m:outbound,ake_2026_07_04_670m:pre90,0xb40b35fe21be75f6e5c0b7dabab1ec87d87a1395,1,https://bscscan.com/tokentxns?a=0xb40b35fe21be75f6e5c0b7dabab1ec87d87a1395&p=1&ps=100,none,report_only,False
56:0x2c3a8ee94ddd97244a93bc48298f97d2c412f7db:0x6bb3a35bc4b4e9221d95ee04717cf86bbf431f2627a5b19a8ca6442ea29114bf:41,56,0x2c3a8ee94ddd97244a93bc48298f97d2c412f7db,0x6bb3a35bc4b4e9221d95ee04717cf86bbf431f2627a5b19a8ca6442ea29114bf,41,93015959,15,2026-04-17T06:45:21.250Z,2026-04-17T14:45:21.250+08:00,milliTimestamp,0xd47baea51558046b0230a3a6470b4a8ad80a2a1e,0x6449b24d8dad7cef8ece12d7d5c8d0e0ef355a48,100000000000000000000000,100000,False,1,True,True,0xd47baea51558046b0230a3a6470b4a8ad80a2a1e,0x2c3a8ee94ddd97244a93bc48298f97d2c412f7db,0,0,54542,50000000,,unlabeled_address,tracked_global_labels_no_match,,reviewed_sender_unlabeled,tracked_global_labels_no_match,unlabeled,unlabeled,ake_2026_07_07_972_54m:inbound,ake_2026_07_07_972_54m:pre90,0x6449b24d8dad7cef8ece12d7d5c8d0e0ef355a48,1,https://bscscan.com/tokentxns?a=0x6449b24d8dad7cef8ece12d7d5c8d0e0ef355a48&p=1&ps=100,none,report_only,False
56:0x2c3a8ee94ddd97244a93bc48298f97d2c412f7db:0xb267067b85fe537f30e5cfc851a6662ab53456446841f027680ef197bd3ea0c5:29,56,0x2c3a8ee94ddd97244a93bc48298f97d2c412f7db,0xb267067b85fe537f30e5cfc851a6662ab53456446841f027680ef197bd3ea0c5,29,93016025,8,2026-04-17T06:45:51.000Z,2026-04-17T14:45:51.000+08:00,milliTimestamp,0xd47baea51558046b0230a3a6470b4a8ad80a2a1e,0x6449b24d8dad7cef8ece12d7d5c8d0e0ef355a48,999900000000000000000000000,999900000,False,1,True,True,0xd47baea51558046b0230a3a6470b4a8ad80a2a1e,0x2c3a8ee94ddd97244a93bc48298f97d2c412f7db,1,0,32666,50000000,,unlabeled_address,tracked_global_labels_no_match,,reviewed_sender_unlabeled,tracked_global_labels_no_match,unlabeled,unlabeled,ake_2026_07_07_972_54m:inbound,ake_2026_07_07_972_54m:pre90,0x6449b24d8dad7cef8ece12d7d5c8d0e0ef355a48,1,https://bscscan.com/tokentxns?a=0x6449b24d8dad7cef8ece12d7d5c8d0e0ef355a48&p=1&ps=100,none,report_only,False
56:0x2c3a8ee94ddd97244a93bc48298f97d2c412f7db:0xd359e39622766848472d0bfb790de4b464ae32dba0fc08bc0ce2e858ac278151:260,56,0x2c3a8ee94ddd97244a93bc48298f97d2c412f7db,0xd359e39622766848472d0bfb790de4b464ae32dba0fc08bc0ce2e858ac278151,260,93016612,57,2026-04-17T06:50:15.700Z,2026-04-17T14:50:15.700+08:00,milliTimestamp,0x6449b24d8dad7cef8ece12d7d5c8d0e0ef355a48,0x73d8bd54f7cf5fab43fe4ef40a62d390644946db,1000000000000000000000000000,1000000000,False,1,True,True,0x6449b24d8dad7cef8ece12d7d5c8d0e0ef355a48,0x73d8bd54f7cf5fab43fe4ef40a62d390644946db,1,0,74192,54227873,,reviewed_sender_unlabeled,tracked_global_labels_no_match,Binance Alpha 2.0 Proxy/Custody,exchange_aggregator,config/global_address_labels.json,unlabeled,alpha_custody_or_router,ake_2026_07_07_972_54m:outbound,ake_2026_07_07_972_54m:pre90,0x6449b24d8dad7cef8ece12d7d5c8d0e0ef355a48,1,https://bscscan.com/tokentxns?a=0x6449b24d8dad7cef8ece12d7d5c8d0e0ef355a48&p=1&ps=100,none,report_only,False
56:0x2c3a8ee94ddd97244a93bc48298f97d2c412f7db:0xccb38c017a1aa2c7e7734ba2d3abd88a560bb0c58a5d7d6468af6965cdfeec7d:270,56,0x2c3a8ee94ddd97244a93bc48298f97d2c412f7db,0xccb38c017a1aa2c7e7734ba2d3abd88a560bb0c58a5d7d6468af6965cdfeec7d,270,93210494,68,2026-04-18T07:06:13.300Z,2026-04-18T15:06:13.300+08:00,milliTimestamp,0xcbab2b1b10654590ad63e9a6a699023c1fdb8fff,0xb40b35fe21be75f6e5c0b7dabab1ec87d87a1395,2000000000000000000000000000,2000000000,False,1,True,True,0xcbab2b1b10654590ad63e9a6a699023c1fdb8fff,0x2c3a8ee94ddd97244a93bc48298f97d2c412f7db,0,0,49742,50000000,,unlabeled_address,tracked_global_labels_no_match,,reviewed_sender_unlabeled,tracked_global_labels_no_match,unlabeled,unlabeled,ake_2026_07_04_670m:inbound,ake_2026_07_04_670m:pre90,0xb40b35fe21be75f6e5c0b7dabab1ec87d87a1395,1,https://bscscan.com/tokentxns?a=0xb40b35fe21be75f6e5c0b7dabab1ec87d87a1395&p=1&ps=100,none,report_only,False
56:0x2c3a8ee94ddd97244a93bc48298f97d2c412f7db:0xe1e6c3ae83eb4a18c40e9ec5b5228830e85003ed2b2b0f4c35f2fb02e4903c97:177,56,0x2c3a8ee94ddd97244a93bc48298f97d2c412f7db,0xe1e6c3ae83eb4a18c40e9ec5b5228830e85003ed2b2b0f4c35f2fb02e4903c97,177,93210592,60,2026-04-18T07:06:57.400Z,2026-04-18T15:06:57.400+08:00,milliTimestamp,0xb40b35fe21be75f6e5c0b7dabab1ec87d87a1395,0x73d8bd54f7cf5fab43fe4ef40a62d390644946db,2000000000000000000000000000,2000000000,False,1,True,True,0xb40b35fe21be75f6e5c0b7dabab1ec87d87a1395,0x73d8bd54f7cf5fab43fe4ef40a62d390644946db,5,0,74180,58488913,,reviewed_sender_unlabeled,tracked_global_labels_no_match,Binance Alpha 2.0 Proxy/Custody,exchange_aggregator,config/global_address_labels.json,unlabeled,alpha_custody_or_router,ake_2026_07_04_670m:outbound,ake_2026_07_04_670m:pre90,0xb40b35fe21be75f6e5c0b7dabab1ec87d87a1395,1,https://bscscan.com/tokentxns?a=0xb40b35fe21be75f6e5c0b7dabab1ec87d87a1395&p=1&ps=100,none,report_only,False
56:0x2c3a8ee94ddd97244a93bc48298f97d2c412f7db:0x088cd40daebe485a91b39a0e20871761eca41ada68c5ec5d2aaa26015b9dbfdd:126,56,0x2c3a8ee94ddd97244a93bc48298f97d2c412f7db,0x088cd40daebe485a91b39a0e20871761eca41ada68c5ec5d2aaa26015b9dbfdd,126,93257383,21,2026-04-18T12:58:33.050Z,2026-04-18T20:58:33.050+08:00,milliTimestamp,0xc3ec2eac2ec0171f11c1c43c1f9bcaf16f251afe,0xb40b35fe21be75f6e5c0b7dabab1ec87d87a1395,1268835879000000000000000000,1268835879,False,1,True,True,0xc3ec2eac2ec0171f11c1c43c1f9bcaf16f251afe,0x2c3a8ee94ddd97244a93bc48298f97d2c412f7db,0,0,49766,50000000,,unlabeled_address,tracked_global_labels_no_match,,reviewed_sender_unlabeled,tracked_global_labels_no_match,unlabeled,unlabeled,ake_2026_07_04_670m:inbound,ake_2026_07_04_670m:pre90,0xb40b35fe21be75f6e5c0b7dabab1ec87d87a1395,1,https://bscscan.com/tokentxns?a=0xb40b35fe21be75f6e5c0b7dabab1ec87d87a1395&p=1&ps=100,none,report_only,False
56:0x2c3a8ee94ddd97244a93bc48298f97d2c412f7db:0xf8ab5fd6ea503b8b162cd89bbfc145a5483e3c5dd50a04c52869c7cac2ce454e:205,56,0x2c3a8ee94ddd97244a93bc48298f97d2c412f7db,0xf8ab5fd6ea503b8b162cd89bbfc145a5483e3c5dd50a04c52869c7cac2ce454e,205,93257941,52,2026-04-18T13:02:44.850Z,2026-04-18T21:02:44.850+08:00,milliTimestamp,0xb40b35fe21be75f6e5c0b7dabab1ec87d87a1395,0x73d8bd54f7cf5fab43fe4ef40a62d390644946db,1268835879000000000000000000,1268835879,False,1,True,True,0xb40b35fe21be75f6e5c0b7dabab1ec87d87a1395,0x73d8bd54f7cf5fab43fe4ef40a62d390644946db,6,0,74204,55693462,,reviewed_sender_unlabeled,tracked_global_labels_no_match,Binance Alpha 2.0 Proxy/Custody,exchange_aggregator,config/global_address_labels.json,unlabeled,alpha_custody_or_router,ake_2026_07_04_670m:outbound,ake_2026_07_04_670m:pre90,0xb40b35fe21be75f6e5c0b7dabab1ec87d87a1395,1,https://bscscan.com/tokentxns?a=0xb40b35fe21be75f6e5c0b7dabab1ec87d87a1395&p=1&ps=100,none,report_only,False
56:0x2c3a8ee94ddd97244a93bc48298f97d2c412f7db:0xeb889d00e1e3d5d38c6fb490c0f6e1d79e90a7137497bf4790dc92c964cc959b:208,56,0x2c3a8ee94ddd97244a93bc48298f97d2c412f7db,0xeb889d00e1e3d5d38c6fb490c0f6e1d79e90a7137497bf4790dc92c964cc959b,208,94931439,33,2026-04-27T06:32:15.400Z,2026-04-27T14:32:15.400+08:00,milliTimestamp,0x861b30579ebed86b347455679b0bc96826c14849,0xd49ef7def42f4633cd55cb874e016a570ea99f04,100000000000000000000000,100000,False,1,True,True,0x861b30579ebed86b347455679b0bc96826c14849,0x2c3a8ee94ddd97244a93bc48298f97d2c412f7db,1,0,54542,100000000,,unlabeled_address,tracked_global_labels_no_match,,reviewed_sender_unlabeled,tracked_global_labels_no_match,unlabeled,unlabeled,ake_2026_07_05_822_99m:inbound,ake_2026_07_05_822_99m:pre90,0xd49ef7def42f4633cd55cb874e016a570ea99f04,1,https://bscscan.com/tokentxns?a=0xd49ef7def42f4633cd55cb874e016a570ea99f04&p=1&ps=100,none,report_only,False
56:0x2c3a8ee94ddd97244a93bc48298f97d2c412f7db:0xab674c0a18502234d1b5168d091cc4d11d74ba1621c14bc24e6d5e5c01e69ab7:245,56,0x2c3a8ee94ddd97244a93bc48298f97d2c412f7db,0xab674c0a18502234d1b5168d091cc4d11d74ba1621c14bc24e6d5e5c01e69ab7,245,94935489,88,2026-04-27T07:02:39.900Z,2026-04-27T15:02:39.900+08:00,milliTimestamp,0x861b30579ebed86b347455679b0bc96826c14849,0xd49ef7def42f4633cd55cb874e016a570ea99f04,299900000000000000000000000,299900000,False,1,True,True,0x861b30579ebed86b347455679b0bc96826c14849,0x2c3a8ee94ddd97244a93bc48298f97d2c412f7db,2,0,32654,100000000,,unlabeled_address,tracked_global_labels_no_match,,reviewed_sender_unlabeled,tracked_global_labels_no_match,unlabeled,unlabeled,ake_2026_07_05_822_99m:inbound,ake_2026_07_05_822_99m:pre90,0xd49ef7def42f4633cd55cb874e016a570ea99f04,1,https://bscscan.com/tokentxns?a=0xd49ef7def42f4633cd55cb874e016a570ea99f04&p=1&ps=100,none,report_only,False
56:0x2c3a8ee94ddd97244a93bc48298f97d2c412f7db:0xcd6128cbc65f25888a3cbbf064969a75f0533ea8957f89dbd054db5a8d89fe0b:258,56,0x2c3a8ee94ddd97244a93bc48298f97d2c412f7db,0xcd6128cbc65f25888a3cbbf064969a75f0533ea8957f89dbd054db5a8d89fe0b,258,94942725,55,2026-04-27T07:56:59.800Z,2026-04-27T15:56:59.800+08:00,milliTimestamp,0xd49ef7def42f4633cd55cb874e016a570ea99f04,0x73d8bd54f7cf5fab43fe4ef40a62d390644946db,300000000000000000000000000,300000000,False,1,True,True,0xd49ef7def42f4633cd55cb874e016a570ea99f04,0x73d8bd54f7cf5fab43fe4ef40a62d390644946db,254,0,74180,54125783,,reviewed_sender_unlabeled,tracked_global_labels_no_match,Binance Alpha 2.0 Proxy/Custody,exchange_aggregator,config/global_address_labels.json,unlabeled,alpha_custody_or_router,ake_2026_07_05_822_99m:outbound,ake_2026_07_05_822_99m:pre90,0xd49ef7def42f4633cd55cb874e016a570ea99f04,1,https://bscscan.com/tokentxns?a=0xd49ef7def42f4633cd55cb874e016a570ea99f04&p=1&ps=100,none,report_only,False
56:0x2c3a8ee94ddd97244a93bc48298f97d2c412f7db:0x0c5b9fb6b8eccfb21fc3aa569e82e9ac4db49c1ae9aa74d3a62757c64a54f00a:194,56,0x2c3a8ee94ddd97244a93bc48298f97d2c412f7db,0x0c5b9fb6b8eccfb21fc3aa569e82e9ac4db49c1ae9aa74d3a62757c64a54f00a,194,105678992,46,2026-06-22T07:39:42.900Z,2026-06-22T15:39:42.900+08:00,milliTimestamp,0x011ecaf1ee4c279c8ac69849b62f5e18f81df7f8,0xb40b35fe21be75f6e5c0b7dabab1ec87d87a1395,100000000000000000000000,100000,False,1,True,True,0x011ecaf1ee4c279c8ac69849b62f5e18f81df7f8,0x2c3a8ee94ddd97244a93bc48298f97d2c412f7db,0,0,54542,53469800,,unlabeled_address,tracked_global_labels_no_match,,reviewed_sender_unlabeled,tracked_global_labels_no_match,unlabeled,unlabeled,ake_2026_07_04_670m:inbound,ake_2026_07_04_670m:pre90|ake_2026_07_04_670m:pre30,0xb40b35fe21be75f6e5c0b7dabab1ec87d87a1395,1,https://bscscan.com/tokentxns?a=0xb40b35fe21be75f6e5c0b7dabab1ec87d87a1395&p=1&ps=100,none,report_only,False
56:0x2c3a8ee94ddd97244a93bc48298f97d2c412f7db:0xd923f8e7e5f06c86862f13bb1b4afe8122bc58feb8b9959827cf4cac0d89411d:153,56,0x2c3a8ee94ddd97244a93bc48298f97d2c412f7db,0xd923f8e7e5f06c86862f13bb1b4afe8122bc58feb8b9959827cf4cac0d89411d,153,105679089,26,2026-06-22T07:40:26.550Z,2026-06-22T15:40:26.550+08:00,milliTimestamp,0x011ecaf1ee4c279c8ac69849b62f5e18f81df7f8,0xb40b35fe21be75f6e5c0b7dabab1ec87d87a1395,524716312420711000000000000,524716312.420711,False,1,True,True,0x011ecaf1ee4c279c8ac69849b62f5e18f81df7f8,0x2c3a8ee94ddd97244a93bc48298f97d2c412f7db,1,0,32666,57900000,,unlabeled_address,tracked_global_labels_no_match,,reviewed_sender_unlabeled,tracked_global_labels_no_match,unlabeled,unlabeled,ake_2026_07_04_670m:inbound,ake_2026_07_04_670m:pre90|ake_2026_07_04_670m:pre30,0xb40b35fe21be75f6e5c0b7dabab1ec87d87a1395,1,https://bscscan.com/tokentxns?a=0xb40b35fe21be75f6e5c0b7dabab1ec87d87a1395&p=1&ps=100,none,report_only,False
56:0x2c3a8ee94ddd97244a93bc48298f97d2c412f7db:0x8e1ed432388fd83d550803446d1cb63b3674f0faf8a508f6ef16696c15331c7c:124,56,0x2c3a8ee94ddd97244a93bc48298f97d2c412f7db,0x8e1ed432388fd83d550803446d1cb63b3674f0faf8a508f6ef16696c15331c7c,124,105679262,37,2026-06-22T07:41:44.400Z,2026-06-22T15:41:44.400+08:00,milliTimestamp,0xb40b35fe21be75f6e5c0b7dabab1ec87d87a1395,0x73d8bd54f7cf5fab43fe4ef40a62d390644946db,524816312420711000000000000,524816312.420711,False,1,True,True,0xb40b35fe21be75f6e5c0b7dabab1ec87d87a1395,0x73d8bd54f7cf5fab43fe4ef40a62d390644946db,11,0,74204,54741199,,reviewed_sender_unlabeled,tracked_global_labels_no_match,Binance Alpha 2.0 Proxy/Custody,exchange_aggregator,config/global_address_labels.json,unlabeled,alpha_custody_or_router,ake_2026_07_04_670m:outbound,ake_2026_07_04_670m:pre90|ake_2026_07_04_670m:pre30,0xb40b35fe21be75f6e5c0b7dabab1ec87d87a1395,1,https://bscscan.com/tokentxns?a=0xb40b35fe21be75f6e5c0b7dabab1ec87d87a1395&p=1&ps=100,none,report_only,False
56:0x2c3a8ee94ddd97244a93bc48298f97d2c412f7db:0xb30838abc3827ba40f45cef580808b2e613026d342c9f324b9eb0ad07d58f65c:251,56,0x2c3a8ee94ddd97244a93bc48298f97d2c412f7db,0xb30838abc3827ba40f45cef580808b2e613026d342c9f324b9eb0ad07d58f65c,251,107986387,76,2026-07-04T08:11:07.950Z,2026-07-04T16:11:07.950+08:00,milliTimestamp,0x1846a60b0877235918eaa02704703cfd3ce93c8a,0xd49ef7def42f4633cd55cb874e016a570ea99f04,230000000000000000000000000,230000000,False,1,True,True,0x1846a60b0877235918eaa02704703cfd3ce93c8a,0x2c3a8ee94ddd97244a93bc48298f97d2c412f7db,0,0,49742,50000000,,unlabeled_address,tracked_global_labels_no_match,,reviewed_sender_unlabeled,tracked_global_labels_no_match,unlabeled,unlabeled,ake_2026_07_05_822_99m:inbound,ake_2026_07_05_822_99m:pre90|ake_2026_07_05_822_99m:pre30,0xd49ef7def42f4633cd55cb874e016a570ea99f04,1,https://bscscan.com/tokentxns?a=0xd49ef7def42f4633cd55cb874e016a570ea99f04&p=1&ps=100,none,report_only,False
56:0x2c3a8ee94ddd97244a93bc48298f97d2c412f7db:0x8c0c7e5d3c186c9a0dccb5fd9b341540d7b51cf83610ba96e2d7693475584bdd:248,56,0x2c3a8ee94ddd97244a93bc48298f97d2c412f7db,0x8c0c7e5d3c186c9a0dccb5fd9b341540d7b51cf83610ba96e2d7693475584bdd,248,107986409,65,2026-07-04T08:11:17.850Z,2026-07-04T16:11:17.850+08:00,milliTimestamp,0x45b9009ae0984c08588453838ab5f5bcd8cf7a69,0xd49ef7def42f4633cd55cb874e016a570ea99f04,200000000000000000000000000,200000000,False,1,True,True,0x45b9009ae0984c08588453838ab5f5bcd8cf7a69,0x2c3a8ee94ddd97244a93bc48298f97d2c412f7db,0,0,32642,50000000,,unlabeled_address,tracked_global_labels_no_match,,reviewed_sender_unlabeled,tracked_global_labels_no_match,unlabeled,unlabeled,ake_2026_07_05_822_99m:inbound,ake_2026_07_05_822_99m:pre90|ake_2026_07_05_822_99m:pre30,0xd49ef7def42f4633cd55cb874e016a570ea99f04,1,https://bscscan.com/tokentxns?a=0xd49ef7def42f4633cd55cb874e016a570ea99f04&p=1&ps=100,none,report_only,False
56:0x2c3a8ee94ddd97244a93bc48298f97d2c412f7db:0xf2caf54b302179d1dae47099691853a910a6e3bb473448ea02b6cc9333edfb78:206,56,0x2c3a8ee94ddd97244a93bc48298f97d2c412f7db,0xf2caf54b302179d1dae47099691853a910a6e3bb473448ea02b6cc9333edfb78,206,107986506,55,2026-07-04T08:12:01.500Z,2026-07-04T16:12:01.500+08:00,milliTimestamp,0xd49ef7def42f4633cd55cb874e016a570ea99f04,0x73d8bd54f7cf5fab43fe4ef40a62d390644946db,430000000000000000000000000,430000000,False,1,True,True,0xd49ef7def42f4633cd55cb874e016a570ea99f04,0x73d8bd54f7cf5fab43fe4ef40a62d390644946db,255,0,91292,54273650,,reviewed_sender_unlabeled,tracked_global_labels_no_match,Binance Alpha 2.0 Proxy/Custody,exchange_aggregator,config/global_address_labels.json,unlabeled,alpha_custody_or_router,ake_2026_07_05_822_99m:outbound,ake_2026_07_05_822_99m:pre90|ake_2026_07_05_822_99m:pre30,0xd49ef7def42f4633cd55cb874e016a570ea99f04,1,https://bscscan.com/tokentxns?a=0xd49ef7def42f4633cd55cb874e016a570ea99f04&p=1&ps=100,none,report_only,False
56:0x2c3a8ee94ddd97244a93bc48298f97d2c412f7db:0xadd157679bb639403e4dc7ffeaccc92632c1eff2adcad309d4f80c940a7ec54e:701,56,0x2c3a8ee94ddd97244a93bc48298f97d2c412f7db,0xadd157679bb639403e4dc7ffeaccc92632c1eff2adcad309d4f80c940a7ec54e,701,107987100,55,2026-07-04T08:16:28.800Z,2026-07-04T16:16:28.800+08:00,milliTimestamp,0x3ce075da773fc527418613c1bd1f604993dd884b,0xd49ef7def42f4633cd55cb874e016a570ea99f04,560999928000000000000000000,560999928,False,1,True,True,0x3ce075da773fc527418613c1bd1f604993dd884b,0x2c3a8ee94ddd97244a93bc48298f97d2c412f7db,0,0,49766,50000000,,unlabeled_address,tracked_global_labels_no_match,,reviewed_sender_unlabeled,tracked_global_labels_no_match,unlabeled,unlabeled,ake_2026_07_05_822_99m:inbound,ake_2026_07_05_822_99m:pre90|ake_2026_07_05_822_99m:pre30,0xd49ef7def42f4633cd55cb874e016a570ea99f04,1,https://bscscan.com/tokentxns?a=0xd49ef7def42f4633cd55cb874e016a570ea99f04&p=1&ps=100,none,report_only,False
56:0x2c3a8ee94ddd97244a93bc48298f97d2c412f7db:0x6607e3c7a7fcdf4f46f510bb7f9ebe9256805d3841ef4370c4baf776777d6665:144,56,0x2c3a8ee94ddd97244a93bc48298f97d2c412f7db,0x6607e3c7a7fcdf4f46f510bb7f9ebe9256805d3841ef4370c4baf776777d6665,144,107987365,41,2026-07-04T08:18:28.400Z,2026-07-04T16:18:28.400+08:00,milliTimestamp,0xd49ef7def42f4633cd55cb874e016a570ea99f04,0x73d8bd54f7cf5fab43fe4ef40a62d390644946db,560999928000000000000000000,560999928,False,1,True,True,0xd49ef7def42f4633cd55cb874e016a570ea99f04,0x73d8bd54f7cf5fab43fe4ef40a62d390644946db,256,0,91304,53337095,,reviewed_sender_unlabeled,tracked_global_labels_no_match,Binance Alpha 2.0 Proxy/Custody,exchange_aggregator,config/global_address_labels.json,unlabeled,alpha_custody_or_router,ake_2026_07_05_822_99m:outbound,ake_2026_07_05_822_99m:pre90|ake_2026_07_05_822_99m:pre30,0xd49ef7def42f4633cd55cb874e016a570ea99f04,1,https://bscscan.com/tokentxns?a=0xd49ef7def42f4633cd55cb874e016a570ea99f04&p=1&ps=100,none,report_only,False
56:0x2c3a8ee94ddd97244a93bc48298f97d2c412f7db:0x0ddb5ce69b354504948543789972c746559212f09381329e4d417ca88c78c5fe:222,56,0x2c3a8ee94ddd97244a93bc48298f97d2c412f7db,0x0ddb5ce69b354504948543789972c746559212f09381329e4d417ca88c78c5fe,222,108006637,69,2026-07-04T10:43:05.850Z,2026-07-04T18:43:05.850+08:00,milliTimestamp,0xf97ef431912f62e410d7ba14e3ccf2a45747111f,0xb40b35fe21be75f6e5c0b7dabab1ec87d87a1395,380000000000000000000000000,380000000,False,1,True,True,0xf97ef431912f62e410d7ba14e3ccf2a45747111f,0x2c3a8ee94ddd97244a93bc48298f97d2c412f7db,0,0,49754,50000000,,unlabeled_address,tracked_global_labels_no_match,,reviewed_sender_unlabeled,tracked_global_labels_no_match,unlabeled,unlabeled,ake_2026_07_04_670m:inbound,ake_2026_07_04_670m:pre90|ake_2026_07_04_670m:pre30,0xb40b35fe21be75f6e5c0b7dabab1ec87d87a1395,1,https://bscscan.com/tokentxns?a=0xb40b35fe21be75f6e5c0b7dabab1ec87d87a1395&p=1&ps=100,none,report_only,False
56:0x2c3a8ee94ddd97244a93bc48298f97d2c412f7db:0x26c847665139af9301f7031bbb6fe5c90f839d83280669352691c37f70ad25fc:390,56,0x2c3a8ee94ddd97244a93bc48298f97d2c412f7db,0x26c847665139af9301f7031bbb6fe5c90f839d83280669352691c37f70ad25fc,390,108007127,50,2026-07-04T10:46:46.350Z,2026-07-04T18:46:46.350+08:00,milliTimestamp,0xba462a1c33218d87a74e562371fe066dd47fc78d,0xb40b35fe21be75f6e5c0b7dabab1ec87d87a1395,290000000000000000000000000,290000000,False,1,True,True,0xba462a1c33218d87a74e562371fe066dd47fc78d,0x2c3a8ee94ddd97244a93bc48298f97d2c412f7db,0,0,32642,50000000,,unlabeled_address,tracked_global_labels_no_match,,reviewed_sender_unlabeled,tracked_global_labels_no_match,unlabeled,unlabeled,ake_2026_07_04_670m:inbound,ake_2026_07_04_670m:pre90|ake_2026_07_04_670m:pre30,0xb40b35fe21be75f6e5c0b7dabab1ec87d87a1395,1,https://bscscan.com/tokentxns?a=0xb40b35fe21be75f6e5c0b7dabab1ec87d87a1395&p=1&ps=100,none,report_only,False
56:0x2c3a8ee94ddd97244a93bc48298f97d2c412f7db:0x288e360dc637295457af65ba3515108e4bf6342f7d2fb9efa40393540c3f8f87:330,56,0x2c3a8ee94ddd97244a93bc48298f97d2c412f7db,0x288e360dc637295457af65ba3515108e4bf6342f7d2fb9efa40393540c3f8f87,330,108008641,54,2026-07-04T10:58:07.650Z,2026-07-04T18:58:07.650+08:00,milliTimestamp,0xb40b35fe21be75f6e5c0b7dabab1ec87d87a1395,0x73d8bd54f7cf5fab43fe4ef40a62d390644946db,670000000000000000000000000,670000000,False,1,True,True,0xb40b35fe21be75f6e5c0b7dabab1ec87d87a1395,0x73d8bd54f7cf5fab43fe4ef40a62d390644946db,12,0,74180,58374959,,reviewed_sender_unlabeled,tracked_global_labels_no_match,Binance Alpha 2.0 Proxy/Custody,exchange_aggregator,config/global_address_labels.json,unlabeled,alpha_custody_or_router,ake_2026_07_04_670m:outbound,ake_2026_07_04_670m:root,0xb40b35fe21be75f6e5c0b7dabab1ec87d87a1395,1,https://bscscan.com/tokentxns?a=0xb40b35fe21be75f6e5c0b7dabab1ec87d87a1395&p=1&ps=100,none,report_only,False
56:0x2c3a8ee94ddd97244a93bc48298f97d2c412f7db:0xa7408e67656133a9049de963e64b4d7a2f0413f43ea8593528302483f55f4b0b:118,56,0x2c3a8ee94ddd97244a93bc48298f97d2c412f7db,0xa7408e67656133a9049de963e64b4d7a2f0413f43ea8593528302483f55f4b0b,118,108059085,36,2026-07-04T17:16:35.750Z,2026-07-05T01:16:35.750+08:00,milliTimestamp,0xe9dab9bb42ac0d63476778d89f65d9c0236e6f85,0x6449b24d8dad7cef8ece12d7d5c8d0e0ef355a48,339999999000000000000000000,339999999,False,1,True,True,0xe9dab9bb42ac0d63476778d89f65d9c0236e6f85,0x2c3a8ee94ddd97244a93bc48298f97d2c412f7db,0,0,49766,50000000,,unlabeled_address,tracked_global_labels_no_match,,reviewed_sender_unlabeled,tracked_global_labels_no_match,unlabeled,unlabeled,ake_2026_07_07_972_54m:inbound,ake_2026_07_07_972_54m:pre90|ake_2026_07_07_972_54m:pre30,0x6449b24d8dad7cef8ece12d7d5c8d0e0ef355a48,1,https://bscscan.com/tokentxns?a=0x6449b24d8dad7cef8ece12d7d5c8d0e0ef355a48&p=1&ps=100,none,report_only,False
56:0x2c3a8ee94ddd97244a93bc48298f97d2c412f7db:0xbd2c28dc3f8fdee9cf89725ced2a8aa7ca79eee788f8d740860ca290b72f7eca:284,56,0x2c3a8ee94ddd97244a93bc48298f97d2c412f7db,0xbd2c28dc3f8fdee9cf89725ced2a8aa7ca79eee788f8d740860ca290b72f7eca,284,108059299,38,2026-07-04T17:18:12.050Z,2026-07-05T01:18:12.050+08:00,milliTimestamp,0x6449b24d8dad7cef8ece12d7d5c8d0e0ef355a48,0x73d8bd54f7cf5fab43fe4ef40a62d390644946db,339999999000000000000000000,339999999,False,1,True,True,0x6449b24d8dad7cef8ece12d7d5c8d0e0ef355a48,0x73d8bd54f7cf5fab43fe4ef40a62d390644946db,26,0,91304,50000000,,reviewed_sender_unlabeled,tracked_global_labels_no_match,Binance Alpha 2.0 Proxy/Custody,exchange_aggregator,config/global_address_labels.json,unlabeled,alpha_custody_or_router,ake_2026_07_07_972_54m:outbound,ake_2026_07_07_972_54m:pre90|ake_2026_07_07_972_54m:pre30,0x6449b24d8dad7cef8ece12d7d5c8d0e0ef355a48,1,https://bscscan.com/tokentxns?a=0x6449b24d8dad7cef8ece12d7d5c8d0e0ef355a48&p=1&ps=100,none,report_only,False
56:0x2c3a8ee94ddd97244a93bc48298f97d2c412f7db:0x66207179b2d35b9edfe45df7371080287320801e091fd030bc6e1b4a6488b89c:216,56,0x2c3a8ee94ddd97244a93bc48298f97d2c412f7db,0x66207179b2d35b9edfe45df7371080287320801e091fd030bc6e1b4a6488b89c,216,108116190,71,2026-07-05T00:24:58.450Z,2026-07-05T08:24:58.450+08:00,milliTimestamp,0x05a5e9e6e5aff6d358e42c69fef69cc8da04818f,0xd49ef7def42f4633cd55cb874e016a570ea99f04,250000000000000000000000000,250000000,False,1,True,True,0x05a5e9e6e5aff6d358e42c69fef69cc8da04818f,0x2c3a8ee94ddd97244a93bc48298f97d2c412f7db,0,0,49742,50000000,,unlabeled_address,tracked_global_labels_no_match,,reviewed_sender_unlabeled,tracked_global_labels_no_match,unlabeled,unlabeled,ake_2026_07_05_822_99m:inbound,ake_2026_07_05_822_99m:pre90|ake_2026_07_05_822_99m:pre30,0xd49ef7def42f4633cd55cb874e016a570ea99f04,1,https://bscscan.com/tokentxns?a=0xd49ef7def42f4633cd55cb874e016a570ea99f04&p=1&ps=100,none,report_only,False
56:0x2c3a8ee94ddd97244a93bc48298f97d2c412f7db:0x070e3ad25cf7a53eceb50e0fb03c2544b09ff802cbf43027a2d488065d099f30:328,56,0x2c3a8ee94ddd97244a93bc48298f97d2c412f7db,0x070e3ad25cf7a53eceb50e0fb03c2544b09ff802cbf43027a2d488065d099f30,328,108116213,60,2026-07-05T00:25:08.800Z,2026-07-05T08:25:08.800+08:00,milliTimestamp,0x8a532b1af702b295e9636029cc42e558ac1b2e50,0xd49ef7def42f4633cd55cb874e016a570ea99f04,300000000000000000000000000,300000000,False,1,True,True,0x8a532b1af702b295e9636029cc42e558ac1b2e50,0x2c3a8ee94ddd97244a93bc48298f97d2c412f7db,0,0,32642,50000000,,unlabeled_address,tracked_global_labels_no_match,,reviewed_sender_unlabeled,tracked_global_labels_no_match,unlabeled,unlabeled,ake_2026_07_05_822_99m:inbound,ake_2026_07_05_822_99m:pre90|ake_2026_07_05_822_99m:pre30,0xd49ef7def42f4633cd55cb874e016a570ea99f04,1,https://bscscan.com/tokentxns?a=0xd49ef7def42f4633cd55cb874e016a570ea99f04&p=1&ps=100,none,report_only,False
56:0x2c3a8ee94ddd97244a93bc48298f97d2c412f7db:0x6f3e6b6b5448d3269dded125270b87b83c1c022d8d03e8f7c724d1dfa3df689e:233,56,0x2c3a8ee94ddd97244a93bc48298f97d2c412f7db,0x6f3e6b6b5448d3269dded125270b87b83c1c022d8d03e8f7c724d1dfa3df689e,233,108116257,30,2026-07-05T00:25:28.600Z,2026-07-05T08:25:28.600+08:00,milliTimestamp,0x8b825b02d4a463ebcd37fd81403a80c6e07ec329,0x6449b24d8dad7cef8ece12d7d5c8d0e0ef355a48,280000000000000000000000000,280000000,False,1,True,True,0x8b825b02d4a463ebcd37fd81403a80c6e07ec329,0x2c3a8ee94ddd97244a93bc48298f97d2c412f7db,0,0,49742,50000000,,unlabeled_address,tracked_global_labels_no_match,,reviewed_sender_unlabeled,tracked_global_labels_no_match,unlabeled,unlabeled,ake_2026_07_07_972_54m:inbound,ake_2026_07_07_972_54m:pre90|ake_2026_07_07_972_54m:pre30,0x6449b24d8dad7cef8ece12d7d5c8d0e0ef355a48,1,https://bscscan.com/tokentxns?a=0x6449b24d8dad7cef8ece12d7d5c8d0e0ef355a48&p=1&ps=100,none,report_only,False
56:0x2c3a8ee94ddd97244a93bc48298f97d2c412f7db:0x1ae43a1d06aa0f2e211ad2cd2c1dc4300fc577970c84c072180cb6d2f21e51f7:123,56,0x2c3a8ee94ddd97244a93bc48298f97d2c412f7db,0x1ae43a1d06aa0f2e211ad2cd2c1dc4300fc577970c84c072180cb6d2f21e51f7,123,108116280,25,2026-07-05T00:25:38.950Z,2026-07-05T08:25:38.950+08:00,milliTimestamp,0x70149189c1516130afc7df066b039f2da086d158,0x6449b24d8dad7cef8ece12d7d5c8d0e0ef355a48,290000000000000000000000000,290000000,False,1,True,True,0x70149189c1516130afc7df066b039f2da086d158,0x2c3a8ee94ddd97244a93bc48298f97d2c412f7db,0,0,32642,50000000,,unlabeled_address,tracked_global_labels_no_match,,reviewed_sender_unlabeled,tracked_global_labels_no_match,unlabeled,unlabeled,ake_2026_07_07_972_54m:inbound,ake_2026_07_07_972_54m:pre90|ake_2026_07_07_972_54m:pre30,0x6449b24d8dad7cef8ece12d7d5c8d0e0ef355a48,1,https://bscscan.com/tokentxns?a=0x6449b24d8dad7cef8ece12d7d5c8d0e0ef355a48&p=1&ps=100,none,report_only,False
56:0x2c3a8ee94ddd97244a93bc48298f97d2c412f7db:0x38c612ad4eb0ced4b511b13f62540331dba883bb5d0b58deed0400d0b61bdcae:306,56,0x2c3a8ee94ddd97244a93bc48298f97d2c412f7db,0x38c612ad4eb0ced4b511b13f62540331dba883bb5d0b58deed0400d0b61bdcae,306,108117627,47,2026-07-05T00:35:45.100Z,2026-07-05T08:35:45.100+08:00,milliTimestamp,0xd49ef7def42f4633cd55cb874e016a570ea99f04,0x73d8bd54f7cf5fab43fe4ef40a62d390644946db,550000000000000000000000000,550000000,False,1,True,True,0xd49ef7def42f4633cd55cb874e016a570ea99f04,0x73d8bd54f7cf5fab43fe4ef40a62d390644946db,257,0,74192,52319992,,reviewed_sender_unlabeled,tracked_global_labels_no_match,Binance Alpha 2.0 Proxy/Custody,exchange_aggregator,config/global_address_labels.json,unlabeled,alpha_custody_or_router,ake_2026_07_05_822_99m:outbound,ake_2026_07_05_822_99m:pre90|ake_2026_07_05_822_99m:pre30,0xd49ef7def42f4633cd55cb874e016a570ea99f04,1,https://bscscan.com/tokentxns?a=0xd49ef7def42f4633cd55cb874e016a570ea99f04&p=1&ps=100,none,report_only,False
56:0x2c3a8ee94ddd97244a93bc48298f97d2c412f7db:0x7813b0254eb078aad3a678a7882959dc71685dc6fdc48dfdabb453476ebbb8e6:229,56,0x2c3a8ee94ddd97244a93bc48298f97d2c412f7db,0x7813b0254eb078aad3a678a7882959dc71685dc6fdc48dfdabb453476ebbb8e6,229,108119883,37,2026-07-05T00:52:41.050Z,2026-07-05T08:52:41.050+08:00,milliTimestamp,0x6449b24d8dad7cef8ece12d7d5c8d0e0ef355a48,0x73d8bd54f7cf5fab43fe4ef40a62d390644946db,570000000000000000000000000,570000000,False,1,True,True,0x6449b24d8dad7cef8ece12d7d5c8d0e0ef355a48,0x73d8bd54f7cf5fab43fe4ef40a62d390644946db,27,0,91292,56793690,,reviewed_sender_unlabeled,tracked_global_labels_no_match,Binance Alpha 2.0 Proxy/Custody,exchange_aggregator,config/global_address_labels.json,unlabeled,alpha_custody_or_router,ake_2026_07_07_972_54m:outbound,ake_2026_07_07_972_54m:pre90|ake_2026_07_07_972_54m:pre30,0x6449b24d8dad7cef8ece12d7d5c8d0e0ef355a48,1,https://bscscan.com/tokentxns?a=0x6449b24d8dad7cef8ece12d7d5c8d0e0ef355a48&p=1&ps=100,none,report_only,False
56:0x2c3a8ee94ddd97244a93bc48298f97d2c412f7db:0xe18c1e45a86f60baa4d3576cb2eca58dbfb6fb2c0b6fd98b0115e62615dc1ff8:191,56,0x2c3a8ee94ddd97244a93bc48298f97d2c412f7db,0xe18c1e45a86f60baa4d3576cb2eca58dbfb6fb2c0b6fd98b0115e62615dc1ff8,191,108193730,47,2026-07-05T10:06:42.150Z,2026-07-05T18:06:42.150+08:00,milliTimestamp,0xbb7bdb14c0897a14fdd6ad5aa76e671dda6dd508,0xd49ef7def42f4633cd55cb874e016a570ea99f04,229999999000000000000000000,229999999,False,1,True,True,0xbb7bdb14c0897a14fdd6ad5aa76e671dda6dd508,0x2c3a8ee94ddd97244a93bc48298f97d2c412f7db,0,0,49754,50000000,,unlabeled_address,tracked_global_labels_no_match,,reviewed_sender_unlabeled,tracked_global_labels_no_match,unlabeled,unlabeled,ake_2026_07_05_822_99m:inbound,ake_2026_07_05_822_99m:pre90|ake_2026_07_05_822_99m:pre30,0xd49ef7def42f4633cd55cb874e016a570ea99f04,1,https://bscscan.com/tokentxns?a=0xd49ef7def42f4633cd55cb874e016a570ea99f04&p=1&ps=100,none,report_only,False
56:0x2c3a8ee94ddd97244a93bc48298f97d2c412f7db:0xadefafa32c12dec40b26cf5346d0f7bddb6bd32376ec16beba01da558dc6179e:308,56,0x2c3a8ee94ddd97244a93bc48298f97d2c412f7db,0xadefafa32c12dec40b26cf5346d0f7bddb6bd32376ec16beba01da558dc6179e,308,108193775,53,2026-07-05T10:07:02.400Z,2026-07-05T18:07:02.400+08:00,milliTimestamp,0x6134da02184e6390b7d60861420dc3f890482931,0xd49ef7def42f4633cd55cb874e016a570ea99f04,350000000000000000000000000,350000000,False,1,True,True,0x6134da02184e6390b7d60861420dc3f890482931,0x2c3a8ee94ddd97244a93bc48298f97d2c412f7db,0,0,32654,50000000,,unlabeled_address,tracked_global_labels_no_match,,reviewed_sender_unlabeled,tracked_global_labels_no_match,unlabeled,unlabeled,ake_2026_07_05_822_99m:inbound,ake_2026_07_05_822_99m:pre90|ake_2026_07_05_822_99m:pre30,0xd49ef7def42f4633cd55cb874e016a570ea99f04,1,https://bscscan.com/tokentxns?a=0xd49ef7def42f4633cd55cb874e016a570ea99f04&p=1&ps=100,none,report_only,False
56:0x2c3a8ee94ddd97244a93bc48298f97d2c412f7db:0x6993b5294d67e05a62398266c14860be5291e21f68da1f199a9fb45cd6d631d9:183,56,0x2c3a8ee94ddd97244a93bc48298f97d2c412f7db,0x6993b5294d67e05a62398266c14860be5291e21f68da1f199a9fb45cd6d631d9,183,108193797,39,2026-07-05T10:07:12.300Z,2026-07-05T18:07:12.300+08:00,milliTimestamp,0xd0bc13f0b08964ba39db69a3c3e7ebc75bc96bd3,0xd49ef7def42f4633cd55cb874e016a570ea99f04,242989956000000000000000000,242989956,False,1,True,True,0xd0bc13f0b08964ba39db69a3c3e7ebc75bc96bd3,0x2c3a8ee94ddd97244a93bc48298f97d2c412f7db,0,0,32654,50000000,,unlabeled_address,tracked_global_labels_no_match,,reviewed_sender_unlabeled,tracked_global_labels_no_match,unlabeled,unlabeled,ake_2026_07_05_822_99m:inbound,ake_2026_07_05_822_99m:pre90|ake_2026_07_05_822_99m:pre30,0xd49ef7def42f4633cd55cb874e016a570ea99f04,1,https://bscscan.com/tokentxns?a=0xd49ef7def42f4633cd55cb874e016a570ea99f04&p=1&ps=100,none,report_only,False
56:0x2c3a8ee94ddd97244a93bc48298f97d2c412f7db:0x4b2d3173498afd9b056a41347276ca32fad9494eeece7e01384a755099615af8:420,56,0x2c3a8ee94ddd97244a93bc48298f97d2c412f7db,0x4b2d3173498afd9b056a41347276ca32fad9494eeece7e01384a755099615af8,420,108196248,54,2026-07-05T10:25:35.250Z,2026-07-05T18:25:35.250+08:00,milliTimestamp,0xd49ef7def42f4633cd55cb874e016a570ea99f04,0x73d8bd54f7cf5fab43fe4ef40a62d390644946db,822989955000000000000000000,822989955,False,1,True,True,0xd49ef7def42f4633cd55cb874e016a570ea99f04,0x73d8bd54f7cf5fab43fe4ef40a62d390644946db,258,0,74204,52864292,,reviewed_sender_unlabeled,tracked_global_labels_no_match,Binance Alpha 2.0 Proxy/Custody,exchange_aggregator,config/global_address_labels.json,unlabeled,alpha_custody_or_router,ake_2026_07_05_822_99m:outbound,ake_2026_07_05_822_99m:root,0xd49ef7def42f4633cd55cb874e016a570ea99f04,1,https://bscscan.com/tokentxns?a=0xd49ef7def42f4633cd55cb874e016a570ea99f04&p=1&ps=100,none,report_only,False
56:0x2c3a8ee94ddd97244a93bc48298f97d2c412f7db:0x04c9659431a485b8d79d2340cd2f6b47e9b9ff80ab14c02a1cd2e695ebd21527:391,56,0x2c3a8ee94ddd97244a93bc48298f97d2c412f7db,0x04c9659431a485b8d79d2340cd2f6b47e9b9ff80ab14c02a1cd2e695ebd21527,391,108413610,70,2026-07-06T13:36:13.650Z,2026-07-06T21:36:13.650+08:00,milliTimestamp,0xc44026bcff3e461e4fd020a60dceeeec7a016a63,0x6449b24d8dad7cef8ece12d7d5c8d0e0ef355a48,280000000000000000000000000,280000000,False,1,True,True,0xc44026bcff3e461e4fd020a60dceeeec7a016a63,0x2c3a8ee94ddd97244a93bc48298f97d2c412f7db,0,0,49742,50000000,,unlabeled_address,tracked_global_labels_no_match,,reviewed_sender_unlabeled,tracked_global_labels_no_match,unlabeled,unlabeled,ake_2026_07_07_972_54m:inbound,ake_2026_07_07_972_54m:pre90|ake_2026_07_07_972_54m:pre30,0x6449b24d8dad7cef8ece12d7d5c8d0e0ef355a48,1,https://bscscan.com/tokentxns?a=0x6449b24d8dad7cef8ece12d7d5c8d0e0ef355a48&p=1&ps=100,none,report_only,False
56:0x2c3a8ee94ddd97244a93bc48298f97d2c412f7db:0x9ff5573bcf5f377e08f077cce3cd224e1e3d645e9cdac0bdc9efc8f3717d49f4:301,56,0x2c3a8ee94ddd97244a93bc48298f97d2c412f7db,0x9ff5573bcf5f377e08f077cce3cd224e1e3d645e9cdac0bdc9efc8f3717d49f4,301,108413633,82,2026-07-06T13:36:24.000Z,2026-07-06T21:36:24.000+08:00,milliTimestamp,0x98fdfd75e9b847e6ae7990fa180d8009626ecf2b,0x6449b24d8dad7cef8ece12d7d5c8d0e0ef355a48,280000000000000000000000000,280000000,False,1,True,True,0x98fdfd75e9b847e6ae7990fa180d8009626ecf2b,0x2c3a8ee94ddd97244a93bc48298f97d2c412f7db,0,0,32642,50000000,,unlabeled_address,tracked_global_labels_no_match,,reviewed_sender_unlabeled,tracked_global_labels_no_match,unlabeled,unlabeled,ake_2026_07_07_972_54m:inbound,ake_2026_07_07_972_54m:pre90|ake_2026_07_07_972_54m:pre30,0x6449b24d8dad7cef8ece12d7d5c8d0e0ef355a48,1,https://bscscan.com/tokentxns?a=0x6449b24d8dad7cef8ece12d7d5c8d0e0ef355a48&p=1&ps=100,none,report_only,False
56:0x2c3a8ee94ddd97244a93bc48298f97d2c412f7db:0xac8a104296e860fe23d815f96d429d84c8790f55d577ed51bf1daa4fb2e829a5:316,56,0x2c3a8ee94ddd97244a93bc48298f97d2c412f7db,0xac8a104296e860fe23d815f96d429d84c8790f55d577ed51bf1daa4fb2e829a5,316,108414040,64,2026-07-06T13:39:27.750Z,2026-07-06T21:39:27.750+08:00,milliTimestamp,0x6449b24d8dad7cef8ece12d7d5c8d0e0ef355a48,0x73d8bd54f7cf5fab43fe4ef40a62d390644946db,560000000000000000000000000,560000000,False,1,True,True,0x6449b24d8dad7cef8ece12d7d5c8d0e0ef355a48,0x73d8bd54f7cf5fab43fe4ef40a62d390644946db,28,0,74192,55505896,,reviewed_sender_unlabeled,tracked_global_labels_no_match,Binance Alpha 2.0 Proxy/Custody,exchange_aggregator,config/global_address_labels.json,unlabeled,alpha_custody_or_router,ake_2026_07_07_972_54m:outbound,ake_2026_07_07_972_54m:pre90|ake_2026_07_07_972_54m:pre30,0x6449b24d8dad7cef8ece12d7d5c8d0e0ef355a48,1,https://bscscan.com/tokentxns?a=0x6449b24d8dad7cef8ece12d7d5c8d0e0ef355a48&p=1&ps=100,none,report_only,False
56:0x2c3a8ee94ddd97244a93bc48298f97d2c412f7db:0xff09d05c93a3efb7c79c31b583119698ebe84b9c95956b85f0dcff27390c8e7d:614,56,0x2c3a8ee94ddd97244a93bc48298f97d2c412f7db,0xff09d05c93a3efb7c79c31b583119698ebe84b9c95956b85f0dcff27390c8e7d,614,108421985,67,2026-07-06T14:42:40.850Z,2026-07-06T22:42:40.850+08:00,milliTimestamp,0x958052b0584612620968dd997cf16a0a7adff010,0x6449b24d8dad7cef8ece12d7d5c8d0e0ef355a48,270000000000000000000000000,270000000,False,1,True,True,0x958052b0584612620968dd997cf16a0a7adff010,0x2c3a8ee94ddd97244a93bc48298f97d2c412f7db,0,0,49742,50000000,,unlabeled_address,tracked_global_labels_no_match,,reviewed_sender_unlabeled,tracked_global_labels_no_match,unlabeled,unlabeled,ake_2026_07_07_972_54m:inbound,ake_2026_07_07_972_54m:pre90|ake_2026_07_07_972_54m:pre30,0x6449b24d8dad7cef8ece12d7d5c8d0e0ef355a48,1,https://bscscan.com/tokentxns?a=0x6449b24d8dad7cef8ece12d7d5c8d0e0ef355a48&p=1&ps=100,none,report_only,False
56:0x2c3a8ee94ddd97244a93bc48298f97d2c412f7db:0x1218841868f10dcff0c64b76d0e894ac8373c6b21e87a1222c74575111bd0171:370,56,0x2c3a8ee94ddd97244a93bc48298f97d2c412f7db,0x1218841868f10dcff0c64b76d0e894ac8373c6b21e87a1222c74575111bd0171,370,108422007,57,2026-07-06T14:42:50.750Z,2026-07-06T22:42:50.750+08:00,milliTimestamp,0x7b15f753ff2070ad5c770fa8a4e708ca0d762fbe,0x6449b24d8dad7cef8ece12d7d5c8d0e0ef355a48,250000001000000000000000000,250000001,False,1,True,True,0x7b15f753ff2070ad5c770fa8a4e708ca0d762fbe,0x2c3a8ee94ddd97244a93bc48298f97d2c412f7db,0,0,32654,50000000,,unlabeled_address,tracked_global_labels_no_match,,reviewed_sender_unlabeled,tracked_global_labels_no_match,unlabeled,unlabeled,ake_2026_07_07_972_54m:inbound,ake_2026_07_07_972_54m:pre90|ake_2026_07_07_972_54m:pre30,0x6449b24d8dad7cef8ece12d7d5c8d0e0ef355a48,1,https://bscscan.com/tokentxns?a=0x6449b24d8dad7cef8ece12d7d5c8d0e0ef355a48&p=1&ps=100,none,report_only,False
56:0x2c3a8ee94ddd97244a93bc48298f97d2c412f7db:0x7ef2be6a6af486d3a1abc11f3b972b41b88bd1800b68bfbf107e08e9f189ad83:101,56,0x2c3a8ee94ddd97244a93bc48298f97d2c412f7db,0x7ef2be6a6af486d3a1abc11f3b972b41b88bd1800b68bfbf107e08e9f189ad83,101,108490168,15,2026-07-06T23:14:35.750Z,2026-07-07T07:14:35.750+08:00,milliTimestamp,0x6449b24d8dad7cef8ece12d7d5c8d0e0ef355a48,0x73d8bd54f7cf5fab43fe4ef40a62d390644946db,520000001000000000000000000,520000001,False,1,True,True,0x6449b24d8dad7cef8ece12d7d5c8d0e0ef355a48,0x73d8bd54f7cf5fab43fe4ef40a62d390644946db,29,0,74204,50381812,,reviewed_sender_unlabeled,tracked_global_labels_no_match,Binance Alpha 2.0 Proxy/Custody,exchange_aggregator,config/global_address_labels.json,unlabeled,alpha_custody_or_router,ake_2026_07_07_972_54m:outbound,ake_2026_07_07_972_54m:pre90|ake_2026_07_07_972_54m:pre30,0x6449b24d8dad7cef8ece12d7d5c8d0e0ef355a48,1,https://bscscan.com/tokentxns?a=0x6449b24d8dad7cef8ece12d7d5c8d0e0ef355a48&p=1&ps=100,none,report_only,False
56:0x2c3a8ee94ddd97244a93bc48298f97d2c412f7db:0xadc89d401da50a3ecf745bd905a1fff94823eda4f0e724661fb361ebd0111e39:347,56,0x2c3a8ee94ddd97244a93bc48298f97d2c412f7db,0xadc89d401da50a3ecf745bd905a1fff94823eda4f0e724661fb361ebd0111e39,347,108563211,59,2026-07-07T08:22:49.000Z,2026-07-07T16:22:49.000+08:00,milliTimestamp,0x073400831751046e97139f1c2875e651f5688cbb,0xb40b35fe21be75f6e5c0b7dabab1ec87d87a1395,260000000000000000000000000,260000000,False,1,True,True,0x073400831751046e97139f1c2875e651f5688cbb,0x2c3a8ee94ddd97244a93bc48298f97d2c412f7db,0,0,49742,50000000,,unlabeled_address,tracked_global_labels_no_match,,reviewed_sender_unlabeled,tracked_global_labels_no_match,unlabeled,unlabeled,ake_2026_07_04_670m:inbound,ake_2026_07_04_670m:post72,0xb40b35fe21be75f6e5c0b7dabab1ec87d87a1395,1,https://bscscan.com/tokentxns?a=0xb40b35fe21be75f6e5c0b7dabab1ec87d87a1395&p=1&ps=100,none,report_only,False
56:0x2c3a8ee94ddd97244a93bc48298f97d2c412f7db:0x4cc7f2058a1cc6f4b69fd774f2f3c4108ff81101c27cbe9d375699dad97e2e56:1345,56,0x2c3a8ee94ddd97244a93bc48298f97d2c412f7db,0x4cc7f2058a1cc6f4b69fd774f2f3c4108ff81101c27cbe9d375699dad97e2e56,1345,108563233,81,2026-07-07T08:22:58.900Z,2026-07-07T16:22:58.900+08:00,milliTimestamp,0x1409c969c5b9e2af3febe1f1783bfd0ce3f83476,0xb40b35fe21be75f6e5c0b7dabab1ec87d87a1395,250000000000000000000000000,250000000,False,1,True,True,0x1409c969c5b9e2af3febe1f1783bfd0ce3f83476,0x2c3a8ee94ddd97244a93bc48298f97d2c412f7db,0,0,32642,50000000,,unlabeled_address,tracked_global_labels_no_match,,reviewed_sender_unlabeled,tracked_global_labels_no_match,unlabeled,unlabeled,ake_2026_07_04_670m:inbound,ake_2026_07_04_670m:post72,0xb40b35fe21be75f6e5c0b7dabab1ec87d87a1395,1,https://bscscan.com/tokentxns?a=0xb40b35fe21be75f6e5c0b7dabab1ec87d87a1395&p=1&ps=100,none,report_only,False
56:0x2c3a8ee94ddd97244a93bc48298f97d2c412f7db:0x7860dfa54d74561cfa8ae1df5e753beffc73200492e636eecd4c54ea0de08ffd:239,56,0x2c3a8ee94ddd97244a93bc48298f97d2c412f7db,0x7860dfa54d74561cfa8ae1df5e753beffc73200492e636eecd4c54ea0de08ffd,239,108563256,69,2026-07-07T08:23:09.250Z,2026-07-07T16:23:09.250+08:00,milliTimestamp,0x54e553574ea47b83b6f8ed0f00276ca98a52797d,0xb40b35fe21be75f6e5c0b7dabab1ec87d87a1395,300000000000000000000000000,300000000,False,1,True,True,0x54e553574ea47b83b6f8ed0f00276ca98a52797d,0x2c3a8ee94ddd97244a93bc48298f97d2c412f7db,0,0,32642,50000000,,unlabeled_address,tracked_global_labels_no_match,,reviewed_sender_unlabeled,tracked_global_labels_no_match,unlabeled,unlabeled,ake_2026_07_04_670m:inbound,ake_2026_07_04_670m:post72,0xb40b35fe21be75f6e5c0b7dabab1ec87d87a1395,1,https://bscscan.com/tokentxns?a=0xb40b35fe21be75f6e5c0b7dabab1ec87d87a1395&p=1&ps=100,none,report_only,False
56:0x2c3a8ee94ddd97244a93bc48298f97d2c412f7db:0x893519f73434d464ff96ecaea7ad302df543ac5172f34ab6bbe54c8d063ace30:290,56,0x2c3a8ee94ddd97244a93bc48298f97d2c412f7db,0x893519f73434d464ff96ecaea7ad302df543ac5172f34ab6bbe54c8d063ace30,290,108564354,55,2026-07-07T08:31:23.350Z,2026-07-07T16:31:23.350+08:00,milliTimestamp,0xb40b35fe21be75f6e5c0b7dabab1ec87d87a1395,0x73d8bd54f7cf5fab43fe4ef40a62d390644946db,810000000000000000000000000,810000000,False,1,True,True,0xb40b35fe21be75f6e5c0b7dabab1ec87d87a1395,0x73d8bd54f7cf5fab43fe4ef40a62d390644946db,13,0,74192,50566666,,reviewed_sender_unlabeled,tracked_global_labels_no_match,Binance Alpha 2.0 Proxy/Custody,exchange_aggregator,config/global_address_labels.json,unlabeled,alpha_custody_or_router,ake_2026_07_04_670m:outbound,ake_2026_07_04_670m:post72,0xb40b35fe21be75f6e5c0b7dabab1ec87d87a1395,1,https://bscscan.com/tokentxns?a=0xb40b35fe21be75f6e5c0b7dabab1ec87d87a1395&p=1&ps=100,none,report_only,False
56:0x2c3a8ee94ddd97244a93bc48298f97d2c412f7db:0x6233ea51f39691831ea9f868ba9a00bef02cfb51b9b84837209310810da023eb:258,56,0x2c3a8ee94ddd97244a93bc48298f97d2c412f7db,0x6233ea51f39691831ea9f868ba9a00bef02cfb51b9b84837209310810da023eb,258,108565733,65,2026-07-07T08:41:43.900Z,2026-07-07T16:41:43.900+08:00,milliTimestamp,0x14804213c11a670ac7d9c82e9303a4db08dae296,0x6449b24d8dad7cef8ece12d7d5c8d0e0ef355a48,972540250000000000000000000,972540250,False,1,True,True,0x14804213c11a670ac7d9c82e9303a4db08dae296,0x2c3a8ee94ddd97244a93bc48298f97d2c412f7db,0,0,49766,50000000,,unlabeled_address,tracked_global_labels_no_match,,reviewed_sender_unlabeled,tracked_global_labels_no_match,unlabeled,unlabeled,ake_2026_07_07_972_54m:inbound,ake_2026_07_07_972_54m:pre90|ake_2026_07_07_972_54m:pre30,0x6449b24d8dad7cef8ece12d7d5c8d0e0ef355a48,1,https://bscscan.com/tokentxns?a=0x6449b24d8dad7cef8ece12d7d5c8d0e0ef355a48&p=1&ps=100,none,report_only,False
56:0x2c3a8ee94ddd97244a93bc48298f97d2c412f7db:0x7321a5f87f0709502c7ed8c27bcb398bef779599cee5c090190f405fae871727:218,56,0x2c3a8ee94ddd97244a93bc48298f97d2c412f7db,0x7321a5f87f0709502c7ed8c27bcb398bef779599cee5c090190f405fae871727,218,108566378,49,2026-07-07T08:46:34.150Z,2026-07-07T16:46:34.150+08:00,milliTimestamp,0x6449b24d8dad7cef8ece12d7d5c8d0e0ef355a48,0x73d8bd54f7cf5fab43fe4ef40a62d390644946db,972540250000000000000000000,972540250,False,1,True,True,0x6449b24d8dad7cef8ece12d7d5c8d0e0ef355a48,0x73d8bd54f7cf5fab43fe4ef40a62d390644946db,30,0,91304,56451488,,reviewed_sender_unlabeled,tracked_global_labels_no_match,Binance Alpha 2.0 Proxy/Custody,exchange_aggregator,config/global_address_labels.json,unlabeled,alpha_custody_or_router,ake_2026_07_07_972_54m:outbound,ake_2026_07_07_972_54m:root,0x6449b24d8dad7cef8ece12d7d5c8d0e0ef355a48,1,https://bscscan.com/tokentxns?a=0x6449b24d8dad7cef8ece12d7d5c8d0e0ef355a48&p=1&ps=100,none,report_only,False
56:0x2c3a8ee94ddd97244a93bc48298f97d2c412f7db:0xf67a0925f03b10c59fdf889e9d0bb4c9805e69b21227b7188873f45594f0423d:631,56,0x2c3a8ee94ddd97244a93bc48298f97d2c412f7db,0xf67a0925f03b10c59fdf889e9d0bb4c9805e69b21227b7188873f45594f0423d,631,108580740,87,2026-07-07T10:34:18.150Z,2026-07-07T18:34:18.150+08:00,milliTimestamp,0x177f3a61966fa063a0931a17a38c264c5fb5dba2,0xd49ef7def42f4633cd55cb874e016a570ea99f04,230000000000000000000000000,230000000,False,1,True,True,0x177f3a61966fa063a0931a17a38c264c5fb5dba2,0x2c3a8ee94ddd97244a93bc48298f97d2c412f7db,0,0,49742,50000000,,unlabeled_address,tracked_global_labels_no_match,,reviewed_sender_unlabeled,tracked_global_labels_no_match,unlabeled,unlabeled,ake_2026_07_05_822_99m:inbound,ake_2026_07_05_822_99m:post72,0xd49ef7def42f4633cd55cb874e016a570ea99f04,1,https://bscscan.com/tokentxns?a=0xd49ef7def42f4633cd55cb874e016a570ea99f04&p=1&ps=100,none,report_only,False
56:0x2c3a8ee94ddd97244a93bc48298f97d2c412f7db:0x431d6533bc72d715e8e7f1f69d411225721e80c9e07a0d921620826dd6c8daf9:238,56,0x2c3a8ee94ddd97244a93bc48298f97d2c412f7db,0x431d6533bc72d715e8e7f1f69d411225721e80c9e07a0d921620826dd6c8daf9,238,108580763,63,2026-07-07T10:34:28.500Z,2026-07-07T18:34:28.500+08:00,milliTimestamp,0xb922f8d0a2feba83587c1cf8588f4050efc7cd5d,0xb40b35fe21be75f6e5c0b7dabab1ec87d87a1395,240000000000000000000000000,240000000,False,1,True,True,0xb922f8d0a2feba83587c1cf8588f4050efc7cd5d,0x2c3a8ee94ddd97244a93bc48298f97d2c412f7db,0,0,49742,50000000,,unlabeled_address,tracked_global_labels_no_match,,reviewed_sender_unlabeled,tracked_global_labels_no_match,unlabeled,unlabeled,ake_2026_07_04_670m:inbound,ake_2026_07_04_670m:post72,0xb40b35fe21be75f6e5c0b7dabab1ec87d87a1395,1,https://bscscan.com/tokentxns?a=0xb40b35fe21be75f6e5c0b7dabab1ec87d87a1395&p=1&ps=100,none,report_only,False
56:0x2c3a8ee94ddd97244a93bc48298f97d2c412f7db:0xe321a7c282aaa1b132bf5e7b16f64badb5bdb16833f9744b31ca6ff59185f634:438,56,0x2c3a8ee94ddd97244a93bc48298f97d2c412f7db,0xe321a7c282aaa1b132bf5e7b16f64badb5bdb16833f9744b31ca6ff59185f634,438,108580785,84,2026-07-07T10:34:38.400Z,2026-07-07T18:34:38.400+08:00,milliTimestamp,0x6be51c8fe8c5e2e92de18aeb0b579b1b0cd35714,0xb40b35fe21be75f6e5c0b7dabab1ec87d87a1395,300000000000000000000000000,300000000,False,1,True,True,0x6be51c8fe8c5e2e92de18aeb0b579b1b0cd35714,0x2c3a8ee94ddd97244a93bc48298f97d2c412f7db,0,0,32642,50000000,,unlabeled_address,tracked_global_labels_no_match,,reviewed_sender_unlabeled,tracked_global_labels_no_match,unlabeled,unlabeled,ake_2026_07_04_670m:inbound,ake_2026_07_04_670m:post72,0xb40b35fe21be75f6e5c0b7dabab1ec87d87a1395,1,https://bscscan.com/tokentxns?a=0xb40b35fe21be75f6e5c0b7dabab1ec87d87a1395&p=1&ps=100,none,report_only,False
56:0x2c3a8ee94ddd97244a93bc48298f97d2c412f7db:0xb31ac4576a14b88d86bd767f6fb862f7f094056b0f6ce30b36260fc1a92d8fd6:96,56,0x2c3a8ee94ddd97244a93bc48298f97d2c412f7db,0xb31ac4576a14b88d86bd767f6fb862f7f094056b0f6ce30b36260fc1a92d8fd6,96,108580830,29,2026-07-07T10:34:58.650Z,2026-07-07T18:34:58.650+08:00,milliTimestamp,0xb283f6b6cb6da3e89b8c89c547076ccb8e4600f3,0xd49ef7def42f4633cd55cb874e016a570ea99f04,202000000000000000000000000,202000000,False,1,True,True,0xb283f6b6cb6da3e89b8c89c547076ccb8e4600f3,0x2c3a8ee94ddd97244a93bc48298f97d2c412f7db,0,0,32642,50000000,,unlabeled_address,tracked_global_labels_no_match,,reviewed_sender_unlabeled,tracked_global_labels_no_match,unlabeled,unlabeled,ake_2026_07_05_822_99m:inbound,ake_2026_07_05_822_99m:post72,0xd49ef7def42f4633cd55cb874e016a570ea99f04,1,https://bscscan.com/tokentxns?a=0xd49ef7def42f4633cd55cb874e016a570ea99f04&p=1&ps=100,none,report_only,False
56:0x2c3a8ee94ddd97244a93bc48298f97d2c412f7db:0xf9e607ace0c93b7a0de32efc76acbed35b8e1534ebf7c413e6df31a3dcd09218:160,56,0x2c3a8ee94ddd97244a93bc48298f97d2c412f7db,0xf9e607ace0c93b7a0de32efc76acbed35b8e1534ebf7c413e6df31a3dcd09218,160,108580875,45,2026-07-07T10:35:18.900Z,2026-07-07T18:35:18.900+08:00,milliTimestamp,0x79d556cf1061b530f0f789557a864f617be5fb69,0xd49ef7def42f4633cd55cb874e016a570ea99f04,310000000000000000000000000,310000000,False,1,True,True,0x79d556cf1061b530f0f789557a864f617be5fb69,0x2c3a8ee94ddd97244a93bc48298f97d2c412f7db,0,0,32642,50000000,,unlabeled_address,tracked_global_labels_no_match,,reviewed_sender_unlabeled,tracked_global_labels_no_match,unlabeled,unlabeled,ake_2026_07_05_822_99m:inbound,ake_2026_07_05_822_99m:post72,0xd49ef7def42f4633cd55cb874e016a570ea99f04,1,https://bscscan.com/tokentxns?a=0xd49ef7def42f4633cd55cb874e016a570ea99f04&p=1&ps=100,none,report_only,False
56:0x2c3a8ee94ddd97244a93bc48298f97d2c412f7db:0x399bd22e39d04e2953b75de003b380f06a90c82bfc082e7572d18cb9b17e9e2f:201,56,0x2c3a8ee94ddd97244a93bc48298f97d2c412f7db,0x399bd22e39d04e2953b75de003b380f06a90c82bfc082e7572d18cb9b17e9e2f,201,108582078,51,2026-07-07T10:44:20.350Z,2026-07-07T18:44:20.350+08:00,milliTimestamp,0xd41aaa1c1e8d786e85484903504d3901353670fe,0xd49ef7def42f4633cd55cb874e016a570ea99f04,264000000000000000000000000,264000000,False,1,True,True,0xd41aaa1c1e8d786e85484903504d3901353670fe,0x2c3a8ee94ddd97244a93bc48298f97d2c412f7db,0,0,32642,50000000,,unlabeled_address,tracked_global_labels_no_match,,reviewed_sender_unlabeled,tracked_global_labels_no_match,unlabeled,unlabeled,ake_2026_07_05_822_99m:inbound,ake_2026_07_05_822_99m:post72,0xd49ef7def42f4633cd55cb874e016a570ea99f04,1,https://bscscan.com/tokentxns?a=0xd49ef7def42f4633cd55cb874e016a570ea99f04&p=1&ps=100,none,report_only,False
56:0x2c3a8ee94ddd97244a93bc48298f97d2c412f7db:0xf8aed9e4b82171b22d20ba27dc3c58f273952b165d97ac33fdfdc75e2e133049:463,56,0x2c3a8ee94ddd97244a93bc48298f97d2c412f7db,0xf8aed9e4b82171b22d20ba27dc3c58f273952b165d97ac33fdfdc75e2e133049,463,108582167,56,2026-07-07T10:45:00.400Z,2026-07-07T18:45:00.400+08:00,milliTimestamp,0xa0e2f01d5b3749152204ac51fcd55a70e54789c3,0xb40b35fe21be75f6e5c0b7dabab1ec87d87a1395,237000000000000000000000000,237000000,False,1,True,True,0xa0e2f01d5b3749152204ac51fcd55a70e54789c3,0x2c3a8ee94ddd97244a93bc48298f97d2c412f7db,0,0,32642,50000000,,unlabeled_address,tracked_global_labels_no_match,,reviewed_sender_unlabeled,tracked_global_labels_no_match,unlabeled,unlabeled,ake_2026_07_04_670m:inbound,ake_2026_07_04_670m:post72,0xb40b35fe21be75f6e5c0b7dabab1ec87d87a1395,1,https://bscscan.com/tokentxns?a=0xb40b35fe21be75f6e5c0b7dabab1ec87d87a1395&p=1&ps=100,none,report_only,False
56:0x2c3a8ee94ddd97244a93bc48298f97d2c412f7db:0x43d7305b9c5f4ba3dfb93061f7e838acaf63c7a131a117886c96c5494859627d:449,56,0x2c3a8ee94ddd97244a93bc48298f97d2c412f7db,0x43d7305b9c5f4ba3dfb93061f7e838acaf63c7a131a117886c96c5494859627d,449,108582189,45,2026-07-07T10:45:10.300Z,2026-07-07T18:45:10.300+08:00,milliTimestamp,0x2b3130a6090ca17692ede5d71d8693d5a753ee68,0xb40b35fe21be75f6e5c0b7dabab1ec87d87a1395,200000000000000000000000000,200000000,False,1,True,True,0x2b3130a6090ca17692ede5d71d8693d5a753ee68,0x2c3a8ee94ddd97244a93bc48298f97d2c412f7db,0,0,32642,50000000,,unlabeled_address,tracked_global_labels_no_match,,reviewed_sender_unlabeled,tracked_global_labels_no_match,unlabeled,unlabeled,ake_2026_07_04_670m:inbound,ake_2026_07_04_670m:post72,0xb40b35fe21be75f6e5c0b7dabab1ec87d87a1395,1,https://bscscan.com/tokentxns?a=0xb40b35fe21be75f6e5c0b7dabab1ec87d87a1395&p=1&ps=100,none,report_only,False
56:0x2c3a8ee94ddd97244a93bc48298f97d2c412f7db:0x28b5cf0bdc063db8c88ae1bcd43e37abb859f5885e9c877a03287d73b67a5ae3:195,56,0x2c3a8ee94ddd97244a93bc48298f97d2c412f7db,0x28b5cf0bdc063db8c88ae1bcd43e37abb859f5885e9c877a03287d73b67a5ae3,195,108582234,37,2026-07-07T10:45:30.550Z,2026-07-07T18:45:30.550+08:00,milliTimestamp,0x6700fd07afcdc0a26ca44f8c724021cef686825c,0xb40b35fe21be75f6e5c0b7dabab1ec87d87a1395,300000000000000000000000000,300000000,False,1,True,True,0x6700fd07afcdc0a26ca44f8c724021cef686825c,0x2c3a8ee94ddd97244a93bc48298f97d2c412f7db,0,0,32642,50000000,,unlabeled_address,tracked_global_labels_no_match,,reviewed_sender_unlabeled,tracked_global_labels_no_match,unlabeled,unlabeled,ake_2026_07_04_670m:inbound,ake_2026_07_04_670m:post72,0xb40b35fe21be75f6e5c0b7dabab1ec87d87a1395,1,https://bscscan.com/tokentxns?a=0xb40b35fe21be75f6e5c0b7dabab1ec87d87a1395&p=1&ps=100,none,report_only,False
56:0x2c3a8ee94ddd97244a93bc48298f97d2c412f7db:0xf0310469fff155d69dc171cde7f047e91251126b0881837506e32e1ea0440ca3:302,56,0x2c3a8ee94ddd97244a93bc48298f97d2c412f7db,0xf0310469fff155d69dc171cde7f047e91251126b0881837506e32e1ea0440ca3,302,108582278,70,2026-07-07T10:45:50.350Z,2026-07-07T18:45:50.350+08:00,milliTimestamp,0x6d48a3b7386a5fb5d4c14712cbca6b8afde6cecd,0xb40b35fe21be75f6e5c0b7dabab1ec87d87a1395,290000000000000000000000000,290000000,False,1,True,True,0x6d48a3b7386a5fb5d4c14712cbca6b8afde6cecd,0x2c3a8ee94ddd97244a93bc48298f97d2c412f7db,0,0,32642,50000000,,unlabeled_address,tracked_global_labels_no_match,,reviewed_sender_unlabeled,tracked_global_labels_no_match,unlabeled,unlabeled,ake_2026_07_04_670m:inbound,ake_2026_07_04_670m:post72,0xb40b35fe21be75f6e5c0b7dabab1ec87d87a1395,1,https://bscscan.com/tokentxns?a=0xb40b35fe21be75f6e5c0b7dabab1ec87d87a1395&p=1&ps=100,none,report_only,False
56:0x2c3a8ee94ddd97244a93bc48298f97d2c412f7db:0x9e9e0e8e5c6af61f597bdf3ecb8bd16f37c6cc134b5e5378a9a7aadb9a689f2e:306,56,0x2c3a8ee94ddd97244a93bc48298f97d2c412f7db,0x9e9e0e8e5c6af61f597bdf3ecb8bd16f37c6cc134b5e5378a9a7aadb9a689f2e,306,108582301,64,2026-07-07T10:46:00.700Z,2026-07-07T18:46:00.700+08:00,milliTimestamp,0x1156d1bd9d535a9db0743a62d387662d86f00590,0xb40b35fe21be75f6e5c0b7dabab1ec87d87a1395,280000000000000000000000000,280000000,False,1,True,True,0x1156d1bd9d535a9db0743a62d387662d86f00590,0x2c3a8ee94ddd97244a93bc48298f97d2c412f7db,0,0,32642,50000000,,unlabeled_address,tracked_global_labels_no_match,,reviewed_sender_unlabeled,tracked_global_labels_no_match,unlabeled,unlabeled,ake_2026_07_04_670m:inbound,ake_2026_07_04_670m:post72,0xb40b35fe21be75f6e5c0b7dabab1ec87d87a1395,1,https://bscscan.com/tokentxns?a=0xb40b35fe21be75f6e5c0b7dabab1ec87d87a1395&p=1&ps=100,none,report_only,False
56:0x2c3a8ee94ddd97244a93bc48298f97d2c412f7db:0xc79883b38a1716992a249638af49aab66e2c8890573ea1f0337ae3e082dab54b:362,56,0x2c3a8ee94ddd97244a93bc48298f97d2c412f7db,0xc79883b38a1716992a249638af49aab66e2c8890573ea1f0337ae3e082dab54b,362,108582345,69,2026-07-07T10:46:20.500Z,2026-07-07T18:46:20.500+08:00,milliTimestamp,0x052bacdd4e027a28230c90e58fa8cf7ba6657348,0xd49ef7def42f4633cd55cb874e016a570ea99f04,244999956000000000000000000,244999956,False,1,True,True,0x052bacdd4e027a28230c90e58fa8cf7ba6657348,0x2c3a8ee94ddd97244a93bc48298f97d2c412f7db,0,0,32654,50000000,,unlabeled_address,tracked_global_labels_no_match,,reviewed_sender_unlabeled,tracked_global_labels_no_match,unlabeled,unlabeled,ake_2026_07_05_822_99m:inbound,ake_2026_07_05_822_99m:post72,0xd49ef7def42f4633cd55cb874e016a570ea99f04,1,https://bscscan.com/tokentxns?a=0xd49ef7def42f4633cd55cb874e016a570ea99f04&p=1&ps=100,none,report_only,False
56:0x2c3a8ee94ddd97244a93bc48298f97d2c412f7db:0xf52ea14fcc8a2afea2da2c9a62956a7224a9fc028b8abfa5f977b7d0174bd149:273,56,0x2c3a8ee94ddd97244a93bc48298f97d2c412f7db,0xf52ea14fcc8a2afea2da2c9a62956a7224a9fc028b8abfa5f977b7d0174bd149,273,108582861,79,2026-07-07T10:50:12.900Z,2026-07-07T18:50:12.900+08:00,milliTimestamp,0xb3216c768a95d21259b9b9ff2b8e8d3ac67b240a,0x6449b24d8dad7cef8ece12d7d5c8d0e0ef355a48,250000000000000000000000000,250000000,False,1,True,True,0xb3216c768a95d21259b9b9ff2b8e8d3ac67b240a,0x2c3a8ee94ddd97244a93bc48298f97d2c412f7db,0,0,49742,50000000,,unlabeled_address,tracked_global_labels_no_match,,reviewed_sender_unlabeled,tracked_global_labels_no_match,unlabeled,unlabeled,ake_2026_07_07_972_54m:inbound,ake_2026_07_07_972_54m:post72|ake_2026_07_07_972_54m:post24,0x6449b24d8dad7cef8ece12d7d5c8d0e0ef355a48,1,https://bscscan.com/tokentxns?a=0x6449b24d8dad7cef8ece12d7d5c8d0e0ef355a48&p=1&ps=100,none,report_only,False
56:0x2c3a8ee94ddd97244a93bc48298f97d2c412f7db:0x549d27bcb1e276bfe21fd7c799c5ae838d014da2db8e571bc8205ffb27949279:363,56,0x2c3a8ee94ddd97244a93bc48298f97d2c412f7db,0x549d27bcb1e276bfe21fd7c799c5ae838d014da2db8e571bc8205ffb27949279,363,108582906,65,2026-07-07T10:50:33.150Z,2026-07-07T18:50:33.150+08:00,milliTimestamp,0xc0293f418865b9613296e287acdfdab2540dcfc6,0x6449b24d8dad7cef8ece12d7d5c8d0e0ef355a48,270000000000000000000000000,270000000,False,1,True,True,0xc0293f418865b9613296e287acdfdab2540dcfc6,0x2c3a8ee94ddd97244a93bc48298f97d2c412f7db,0,0,32642,50000000,,unlabeled_address,tracked_global_labels_no_match,,reviewed_sender_unlabeled,tracked_global_labels_no_match,unlabeled,unlabeled,ake_2026_07_07_972_54m:inbound,ake_2026_07_07_972_54m:post72|ake_2026_07_07_972_54m:post24,0x6449b24d8dad7cef8ece12d7d5c8d0e0ef355a48,1,https://bscscan.com/tokentxns?a=0x6449b24d8dad7cef8ece12d7d5c8d0e0ef355a48&p=1&ps=100,none,report_only,False
56:0x2c3a8ee94ddd97244a93bc48298f97d2c412f7db:0x8dbf06e27892fbc81f2354e9d78c9644c04f9ce049c1c4b8b4d4f88e8ca444b9:379,56,0x2c3a8ee94ddd97244a93bc48298f97d2c412f7db,0x8dbf06e27892fbc81f2354e9d78c9644c04f9ce049c1c4b8b4d4f88e8ca444b9,379,108582950,95,2026-07-07T10:50:52.950Z,2026-07-07T18:50:52.950+08:00,milliTimestamp,0x4ddb48a287249c5a9c0f8cde56a433260c57fed2,0x6449b24d8dad7cef8ece12d7d5c8d0e0ef355a48,290000000000000000000000000,290000000,False,1,True,True,0x4ddb48a287249c5a9c0f8cde56a433260c57fed2,0x2c3a8ee94ddd97244a93bc48298f97d2c412f7db,0,0,32642,50000000,,unlabeled_address,tracked_global_labels_no_match,,reviewed_sender_unlabeled,tracked_global_labels_no_match,unlabeled,unlabeled,ake_2026_07_07_972_54m:inbound,ake_2026_07_07_972_54m:post72|ake_2026_07_07_972_54m:post24,0x6449b24d8dad7cef8ece12d7d5c8d0e0ef355a48,1,https://bscscan.com/tokentxns?a=0x6449b24d8dad7cef8ece12d7d5c8d0e0ef355a48&p=1&ps=100,none,report_only,False
56:0x2c3a8ee94ddd97244a93bc48298f97d2c412f7db:0xc4d12dd1a80f72235172d798287d6f8567d7cd1c7485b849f85c46136de42793:151,56,0x2c3a8ee94ddd97244a93bc48298f97d2c412f7db,0xc4d12dd1a80f72235172d798287d6f8567d7cd1c7485b849f85c46136de42793,151,108583108,64,2026-07-07T10:52:04.400Z,2026-07-07T18:52:04.400+08:00,milliTimestamp,0x1e7c57d1a087dd6b0bc8482b113ec356339ff463,0x6449b24d8dad7cef8ece12d7d5c8d0e0ef355a48,357000000000000000000000000,357000000,False,1,True,True,0x1e7c57d1a087dd6b0bc8482b113ec356339ff463,0x2c3a8ee94ddd97244a93bc48298f97d2c412f7db,0,0,32654,50000000,,unlabeled_address,tracked_global_labels_no_match,,reviewed_sender_unlabeled,tracked_global_labels_no_match,unlabeled,unlabeled,ake_2026_07_07_972_54m:inbound,ake_2026_07_07_972_54m:post72|ake_2026_07_07_972_54m:post24,0x6449b24d8dad7cef8ece12d7d5c8d0e0ef355a48,1,https://bscscan.com/tokentxns?a=0x6449b24d8dad7cef8ece12d7d5c8d0e0ef355a48&p=1&ps=100,none,report_only,False
56:0x2c3a8ee94ddd97244a93bc48298f97d2c412f7db:0x706b09e60d3ae6a322e9ba9628d8b3f287babf05a16bb00906879769e39679f1:397,56,0x2c3a8ee94ddd97244a93bc48298f97d2c412f7db,0x706b09e60d3ae6a322e9ba9628d8b3f287babf05a16bb00906879769e39679f1,397,108583130,78,2026-07-07T10:52:14.300Z,2026-07-07T18:52:14.300+08:00,milliTimestamp,0x68a46b0e3a0834d6e0981b9031577520ec790962,0x6449b24d8dad7cef8ece12d7d5c8d0e0ef355a48,320000000000000000000000000,320000000,False,1,True,True,0x68a46b0e3a0834d6e0981b9031577520ec790962,0x2c3a8ee94ddd97244a93bc48298f97d2c412f7db,0,0,32654,50000000,,unlabeled_address,tracked_global_labels_no_match,,reviewed_sender_unlabeled,tracked_global_labels_no_match,unlabeled,unlabeled,ake_2026_07_07_972_54m:inbound,ake_2026_07_07_972_54m:post72|ake_2026_07_07_972_54m:post24,0x6449b24d8dad7cef8ece12d7d5c8d0e0ef355a48,1,https://bscscan.com/tokentxns?a=0x6449b24d8dad7cef8ece12d7d5c8d0e0ef355a48&p=1&ps=100,none,report_only,False
56:0x2c3a8ee94ddd97244a93bc48298f97d2c412f7db:0x805255b841d70b0591d777ae2c77553ac2c6f56b445528973826bab1fc325589:325,56,0x2c3a8ee94ddd97244a93bc48298f97d2c412f7db,0x805255b841d70b0591d777ae2c77553ac2c6f56b445528973826bab1fc325589,325,108583153,65,2026-07-07T10:52:24.650Z,2026-07-07T18:52:24.650+08:00,milliTimestamp,0x4d63a3f262e1ac4bd28896f9f962f5608b079084,0x6449b24d8dad7cef8ece12d7d5c8d0e0ef355a48,240000000000000000000000000,240000000,False,1,True,True,0x4d63a3f262e1ac4bd28896f9f962f5608b079084,0x2c3a8ee94ddd97244a93bc48298f97d2c412f7db,0,0,32642,50000000,,unlabeled_address,tracked_global_labels_no_match,,reviewed_sender_unlabeled,tracked_global_labels_no_match,unlabeled,unlabeled,ake_2026_07_07_972_54m:inbound,ake_2026_07_07_972_54m:post72|ake_2026_07_07_972_54m:post24,0x6449b24d8dad7cef8ece12d7d5c8d0e0ef355a48,1,https://bscscan.com/tokentxns?a=0x6449b24d8dad7cef8ece12d7d5c8d0e0ef355a48&p=1&ps=100,none,report_only,False
56:0x2c3a8ee94ddd97244a93bc48298f97d2c412f7db:0x5f3ab4f84ac550446e7bc814a93648d72f778a085f2e534850fbb9b56e4a125f:410,56,0x2c3a8ee94ddd97244a93bc48298f97d2c412f7db,0x5f3ab4f84ac550446e7bc814a93648d72f778a085f2e534850fbb9b56e4a125f,410,108583197,109,2026-07-07T10:52:44.450Z,2026-07-07T18:52:44.450+08:00,milliTimestamp,0xeaecc7f6d05be040f6b784d25f5d3dd1e5fa8114,0x6449b24d8dad7cef8ece12d7d5c8d0e0ef355a48,210000000000000000000000000,210000000,False,1,True,True,0xeaecc7f6d05be040f6b784d25f5d3dd1e5fa8114,0x2c3a8ee94ddd97244a93bc48298f97d2c412f7db,0,0,32642,50000000,,unlabeled_address,tracked_global_labels_no_match,,reviewed_sender_unlabeled,tracked_global_labels_no_match,unlabeled,unlabeled,ake_2026_07_07_972_54m:inbound,ake_2026_07_07_972_54m:post72|ake_2026_07_07_972_54m:post24,0x6449b24d8dad7cef8ece12d7d5c8d0e0ef355a48,1,https://bscscan.com/tokentxns?a=0x6449b24d8dad7cef8ece12d7d5c8d0e0ef355a48&p=1&ps=100,none,report_only,False
56:0x2c3a8ee94ddd97244a93bc48298f97d2c412f7db:0x2e0c29fab2f0bfca32fa331874e20771c0c1f14772f729d4731aebcac199a178:476,56,0x2c3a8ee94ddd97244a93bc48298f97d2c412f7db,0x2e0c29fab2f0bfca32fa331874e20771c0c1f14772f729d4731aebcac199a178,476,108583220,106,2026-07-07T10:52:54.800Z,2026-07-07T18:52:54.800+08:00,milliTimestamp,0xb1bd30a6dd2c5a5adf1b53b979ec13848a7aa7ed,0x6449b24d8dad7cef8ece12d7d5c8d0e0ef355a48,147000000000000000000000000,147000000,False,1,True,True,0xb1bd30a6dd2c5a5adf1b53b979ec13848a7aa7ed,0x2c3a8ee94ddd97244a93bc48298f97d2c412f7db,0,0,32642,50000000,,unlabeled_address,tracked_global_labels_no_match,,reviewed_sender_unlabeled,tracked_global_labels_no_match,unlabeled,unlabeled,ake_2026_07_07_972_54m:inbound,ake_2026_07_07_972_54m:post72|ake_2026_07_07_972_54m:post24,0x6449b24d8dad7cef8ece12d7d5c8d0e0ef355a48,1,https://bscscan.com/tokentxns?a=0x6449b24d8dad7cef8ece12d7d5c8d0e0ef355a48&p=1&ps=100,none,report_only,False
56:0x2c3a8ee94ddd97244a93bc48298f97d2c412f7db:0x82f5c2b59e39d6792b3db63a77195e8ab91362eaf792b29110ceb3cec91a5aeb:25,56,0x2c3a8ee94ddd97244a93bc48298f97d2c412f7db,0x82f5c2b59e39d6792b3db63a77195e8ab91362eaf792b29110ceb3cec91a5aeb,25,108585883,5,2026-07-07T11:12:56.800Z,2026-07-07T19:12:56.800+08:00,milliTimestamp,0xd49ef7def42f4633cd55cb874e016a570ea99f04,0x4d3bf29ba30f8bfe4624e7678709afa195689c5d,468122312108732164712799,468122.312108732164712799,False,1,True,True,0xd49ef7def42f4633cd55cb874e016a570ea99f04,0xd9c500dff816a1da21a48a732d3498bf09dc9aeb,260,0,229163,57640790,,reviewed_sender_unlabeled,tracked_global_labels_no_match,,unlabeled_address,tracked_global_labels_no_match,unlabeled,unlabeled,ake_2026_07_05_822_99m:outbound,ake_2026_07_05_822_99m:post72,0xd49ef7def42f4633cd55cb874e016a570ea99f04,1,https://bscscan.com/tokentxns?a=0xd49ef7def42f4633cd55cb874e016a570ea99f04&p=1&ps=100,none,report_only,True
56:0x2c3a8ee94ddd97244a93bc48298f97d2c412f7db:0x5161bdef7c64bd72607d6957fdf44b778c8488efe55d9690da8fa49dafc572c9:398,56,0x2c3a8ee94ddd97244a93bc48298f97d2c412f7db,0x5161bdef7c64bd72607d6957fdf44b778c8488efe55d9690da8fa49dafc572c9,398,108589242,96,2026-07-07T11:38:10.750Z,2026-07-07T19:38:10.750+08:00,milliTimestamp,0x6449b24d8dad7cef8ece12d7d5c8d0e0ef355a48,0x85401508c777321eed3018390408ad0ab2e087e5,100000000000000000000000,100000,False,1,True,True,0x6449b24d8dad7cef8ece12d7d5c8d0e0ef355a48,0x2c3a8ee94ddd97244a93bc48298f97d2c412f7db,31,0,54542,51780301,,reviewed_sender_unlabeled,tracked_global_labels_no_match,,unlabeled_address,tracked_global_labels_no_match,unlabeled,unlabeled,ake_2026_07_07_972_54m:outbound,ake_2026_07_07_972_54m:post72|ake_2026_07_07_972_54m:post24,0x6449b24d8dad7cef8ece12d7d5c8d0e0ef355a48,1,https://bscscan.com/tokentxns?a=0x6449b24d8dad7cef8ece12d7d5c8d0e0ef355a48&p=1&ps=100,none,report_only,False
56:0x2c3a8ee94ddd97244a93bc48298f97d2c412f7db:0x0f6bfe523ae87b02f4c1c1b5e1f862f3ab2e98bc95d8777e651fef5179ba62a9:372,56,0x2c3a8ee94ddd97244a93bc48298f97d2c412f7db,0x0f6bfe523ae87b02f4c1c1b5e1f862f3ab2e98bc95d8777e651fef5179ba62a9,372,108589416,80,2026-07-07T11:39:29.050Z,2026-07-07T19:39:29.050+08:00,milliTimestamp,0x6449b24d8dad7cef8ece12d7d5c8d0e0ef355a48,0x85401508c777321eed3018390408ad0ab2e087e5,2083900000000000000000000000,2083900000,False,1,True,True,0x6449b24d8dad7cef8ece12d7d5c8d0e0ef355a48,0x2c3a8ee94ddd97244a93bc48298f97d2c412f7db,32,0,32666,58417644,,reviewed_sender_unlabeled,tracked_global_labels_no_match,,unlabeled_address,tracked_global_labels_no_match,unlabeled,unlabeled,ake_2026_07_07_972_54m:outbound,ake_2026_07_07_972_54m:post72|ake_2026_07_07_972_54m:post24,0x6449b24d8dad7cef8ece12d7d5c8d0e0ef355a48,1,https://bscscan.com/tokentxns?a=0x6449b24d8dad7cef8ece12d7d5c8d0e0ef355a48&p=1&ps=100,none,report_only,False
56:0x2c3a8ee94ddd97244a93bc48298f97d2c412f7db:0xf5c8332a3ec0e7d0db05df8b8c238987530b5cc4841d3163a596174c00e41908:187,56,0x2c3a8ee94ddd97244a93bc48298f97d2c412f7db,0xf5c8332a3ec0e7d0db05df8b8c238987530b5cc4841d3163a596174c00e41908,187,108589512,53,2026-07-07T11:40:12.250Z,2026-07-07T19:40:12.250+08:00,milliTimestamp,0xd49ef7def42f4633cd55cb874e016a570ea99f04,0x85401508c777321eed3018390408ad0ab2e087e5,1250531833687891267835287201,1250531833.687891267835287201,False,1,True,True,0xd49ef7def42f4633cd55cb874e016a570ea99f04,0x2c3a8ee94ddd97244a93bc48298f97d2c412f7db,263,0,32690,53334995,,reviewed_sender_unlabeled,tracked_global_labels_no_match,,unlabeled_address,tracked_global_labels_no_match,unlabeled,unlabeled,ake_2026_07_05_822_99m:outbound,ake_2026_07_05_822_99m:post72,0xd49ef7def42f4633cd55cb874e016a570ea99f04,1,https://bscscan.com/tokentxns?a=0xd49ef7def42f4633cd55cb874e016a570ea99f04&p=1&ps=100,none,report_only,False
56:0x2c3a8ee94ddd97244a93bc48298f97d2c412f7db:0xc9ab03e8ce9aa67b6988fff14d05779c2d23264bb84a879fe1ca3c283fa5f3fe:554,56,0x2c3a8ee94ddd97244a93bc48298f97d2c412f7db,0xc9ab03e8ce9aa67b6988fff14d05779c2d23264bb84a879fe1ca3c283fa5f3fe,554,108589903,124,2026-07-07T11:43:14.300Z,2026-07-07T19:43:14.300+08:00,milliTimestamp,0xb40b35fe21be75f6e5c0b7dabab1ec87d87a1395,0x4b7d0e43a9bff643633372cc73ab6977c21ef38d,5000000000000000000000,5000,False,1,True,True,0xb40b35fe21be75f6e5c0b7dabab1ec87d87a1395,0x2c3a8ee94ddd97244a93bc48298f97d2c412f7db,14,0,37442,55814041,,reviewed_sender_unlabeled,tracked_global_labels_no_match,,unlabeled_address,tracked_global_labels_no_match,unlabeled,unlabeled,ake_2026_07_04_670m:outbound,,0xb40b35fe21be75f6e5c0b7dabab1ec87d87a1395,1,https://bscscan.com/tokentxns?a=0xb40b35fe21be75f6e5c0b7dabab1ec87d87a1395&p=1&ps=100,none,report_only,False
56:0x2c3a8ee94ddd97244a93bc48298f97d2c412f7db:0xe10270fdb145e7a76fa8901d3c609470625370b1412c4d2e0f33ba4898afaf58:276,56,0x2c3a8ee94ddd97244a93bc48298f97d2c412f7db,0xe10270fdb145e7a76fa8901d3c609470625370b1412c4d2e0f33ba4898afaf58,276,108589971,51,2026-07-07T11:43:44.900Z,2026-07-07T19:43:44.900+08:00,milliTimestamp,0xb40b35fe21be75f6e5c0b7dabab1ec87d87a1395,0x4b7d0e43a9bff643633372cc73ab6977c21ef38d,1846995000000000000000000000,1846995000,False,1,True,True,0xb40b35fe21be75f6e5c0b7dabab1ec87d87a1395,0x2c3a8ee94ddd97244a93bc48298f97d2c412f7db,15,0,32666,55399812,,reviewed_sender_unlabeled,tracked_global_labels_no_match,,unlabeled_address,tracked_global_labels_no_match,unlabeled,unlabeled,ake_2026_07_04_670m:outbound,,0xb40b35fe21be75f6e5c0b7dabab1ec87d87a1395,1,https://bscscan.com/tokentxns?a=0xb40b35fe21be75f6e5c0b7dabab1ec87d87a1395&p=1&ps=100,none,report_only,False
